query,mutations
hCoV-19/Mexico/BCN-SEARCH-102852/2020,nuc:C3037T|aa:ORF1ab:T2183I(nuc:C6813T)|aa:ORF1ab:P4715L(nuc:C14408T)|nuc:C17502T|nuc:C17676T|nuc:A20268G|aa:S:D614G(nuc:A23403G)|nuc:T24076C|aa:N:S194L(nuc:C28854T)
hCoV-19/Mexico/BN-SEARCH-116671/2021,nuc:C3037T|aa:ORF1ab:A1306S(nuc:G4181T)|aa:ORF1ab:P2046L(nuc:C6402T)|aa:ORF1ab:P2287S(nuc:C7124T)|aa:ORF1ab:A2614V(nuc:C8106T)|nuc:C8986T|aa:ORF1ab:V2930L(nuc:G9053T)|aa:ORF1ab:T3255I(nuc:C10029T)|nuc:C11173T|aa:ORF1ab:T3646A(nuc:A11201G)|aa:ORF1ab:P4715L(nuc:C14408T)|aa:ORF1ab:G5063S(nuc:G15451A)|aa:ORF1ab:L5230I(nuc:C15952A)|nuc:G16377A|aa:ORF1ab:P5401L(nuc:C16466T)|nuc:A18666G|nuc:C18744T|aa:ORF1ab:A6319V(nuc:C19220T)|aa:ORF1ab:V6772L(nuc:G20578T)|aa:S:T19R(nuc:C21618G)|aa:S:G142D(nuc:G21987A)|del:22029:6|aa:S:L452R(nuc:T22917G)|aa:S:T478K(nuc:C22995A)|aa:S:D614G(nuc:A23403G)|aa:S:P681R(nuc:C23604G)|nuc:C24130T|aa:S:D950N(nuc:G24410A)|aa:ORF3a:S26L(nuc:C25469T)|aa:M:I82T(nuc:T26767C)|aa:ORF7a:V82A(nuc:T27638C)|aa:ORF7a:T120I(nuc:C27752T)|aa:ORF7b:T40I(nuc:C27874T)|del:28248:6|del:28271:1|aa:N:Q9L(nuc:A28299T)|aa:N:D63G(nuc:A28461G)|aa:N:R203M(nuc:G28881T)|aa:N:G215C(nuc:G28916T)
hCoV-19/Mexico/BN-SEARCH-116635/2021,nuc:G1738T|nuc:C3037T|aa:ORF1ab:A1306S(nuc:G4181T)|aa:ORF1ab:P2046L(nuc:C6402T)|aa:ORF1ab:P2287S(nuc:C7124T)|aa:ORF1ab:H2831Y(nuc:C8756T)|nuc:C8986T|aa:ORF1ab:V2930L(nuc:G9053T)|aa:ORF1ab:T2967I(nuc:C9165T)|aa:ORF1ab:T3255I(nuc:C10029T)|aa:ORF1ab:K3353R(nuc:A10323G)|aa:ORF1ab:T3646A(nuc:A11201G)|nuc:A12772G|aa:ORF1ab:P4715L(nuc:C14408T)|nuc:C15240T|aa:ORF1ab:G5063S(nuc:G15451A)|aa:ORF1ab:P5401L(nuc:C16466T)|aa:S:T19R(nuc:C21618G)|aa:S:T95I(nuc:C21846T)|aa:S:G142D(nuc:G21987A)|del:22029:6|aa:S:L452R(nuc:T22917G)|aa:S:T478K(nuc:C22995A)|aa:S:D614G(nuc:A23403G)|aa:S:P681R(nuc:C23604G)|aa:S:D950N(nuc:G24410A)|aa:ORF3a:S26L(nuc:C25469T)|aa:ORF3a:D155H(nuc:G25855C)|aa:M:I82T(nuc:T26767C)|aa:ORF7a:V82A(nuc:T27638C)|aa:ORF7a:T120I(nuc:C27752T)|aa:ORF7b:T40I(nuc:C27874T)|nuc:G28001T|del:28248:6|del:28271:1|aa:N:D63G(nuc:A28461G)|aa:N:R203M(nuc:G28881T)|aa:N:G215C(nuc:G28916T)
hCoV-19/Mexico/BN-SEARCH-116593/2021,aa:ORF1ab:T403I(nuc:C1473T)|nuc:T2047C|aa:ORF1ab:A903V(nuc:C2973T)|nuc:C3037T|aa:ORF1ab:T1004I(nuc:C3276T)|aa:ORF1ab:A1306S(nuc:G4181T)|aa:ORF1ab:P2046L(nuc:C6402T)|aa:ORF1ab:L2062F(nuc:C6449T)|nuc:C7081T|aa:ORF1ab:P2287S(nuc:C7124T)|nuc:C8986T|aa:ORF1ab:V2930L(nuc:G9053T)|nuc:C9559T|aa:ORF1ab:T3255I(nuc:C10029T)|nuc:T10330C|aa:ORF1ab:T3646A(nuc:A11201G)|nuc:G13201T|aa:ORF1ab:P4715L(nuc:C14408T)|nuc:C15240T|aa:ORF1ab:G5063S(nuc:G15451A)|aa:ORF1ab:P5401L(nuc:C16466T)|aa:ORF1ab:A5620S(nuc:G17122T)|nuc:T17467C|nuc:C18348T|aa:ORF1ab:A6319V(nuc:C19220T)|aa:ORF1ab:V6746A(nuc:T20501C)|aa:S:T19R(nuc:C21618G)|aa:S:T95I(nuc:C21846T)|aa:S:G142D(nuc:G21987A)|del:22029:6|aa:S:L452R(nuc:T22917G)|aa:S:T478K(nuc:C22995A)|aa:S:D614G(nuc:A23403G)|aa:S:P681R(nuc:C23604G)|nuc:C24130T|aa:S:D950N(nuc:G24410A)|nuc:A25093G|aa:ORF3a:S26L(nuc:C25469T)|aa:M:I82T(nuc:T26767C)|nuc:A27507T|aa:ORF7a:V82A(nuc:T27638C)|del:27696:5|aa:ORF7a:T120I(nuc:C27752T)|aa:ORF7b:T40I(nuc:C27874T)|nuc:T28007C|del:28248:6|del:28271:1|aa:N:D63G(nuc:A28461G)|aa:N:R203M(nuc:G28881T)|aa:N:G215C(nuc:G28916T)|aa:ORF10:D31Y(nuc:G29648T)
hCoV-19/Mexico/BCN-SEARCH-102833/2020,nuc:C3037T|aa:ORF1ab:P4715L(nuc:C14408T)|nuc:A20268G|aa:S:D614G(nuc:A23403G)|nuc:T24076C|aa:N:S194L(nuc:C28854T)
hCoV-19/USA/ATM-7TDAHWUQU/2021,nuc:C3037T|aa:ORF1ab:G1125C(nuc:G3638T)|aa:ORF1ab:A1306S(nuc:G4181T)|nuc:T4699G|aa:ORF1ab:P2046L(nuc:C6402T)|aa:ORF1ab:P2287S(nuc:C7124T)|nuc:C8986T|aa:ORF1ab:V2930L(nuc:G9053T)|aa:ORF1ab:T3255I(nuc:C10029T)|aa:ORF1ab:T3646A(nuc:A11201G)|nuc:A11332G|aa:ORF1ab:P4715L(nuc:C14408T)|aa:ORF1ab:G5063S(nuc:G15451A)|aa:ORF1ab:P5401L(nuc:C16466T)|aa:ORF1ab:I5658V(nuc:A17236G)|nuc:T18240C|nuc:A18360G|aa:ORF1ab:A6319V(nuc:C19220T)|aa:S:T19R(nuc:C21618G)|aa:S:G142D(nuc:G21987A)|del:22029:6|aa:S:A348T(nuc:G22604A)|aa:S:L452R(nuc:T22917G)|aa:S:T478K(nuc:C22995A)|aa:S:D614G(nuc:A23403G)|aa:S:P681R(nuc:C23604G)|nuc:C24208T|aa:S:D950N(nuc:G24410A)|aa:ORF3a:S26L(nuc:C25469T)|aa:ORF3a:P104S(nuc:C25702T)|nuc:C26313T|aa:M:I82T(nuc:T26767C)|aa:ORF7a:V71I(nuc:G27604A)|aa:ORF7a:Y75C(nuc:A27617G)|aa:ORF7a:V82A(nuc:T27638C)|aa:ORF7a:T120I(nuc:C27752T)|aa:ORF7b:T40I(nuc:C27874T)|del:28248:6|del:28271:1|aa:N:D63G(nuc:A28461G)|aa:N:R203M(nuc:G28881T)|aa:N:A208S(nuc:G28895T)|aa:N:G215C(nuc:G28916T)|aa:N:D377Y(nuc:G29402T)
hCoV-19/Mexico/BN-SEARCH-112773/2021,nuc:T445C|aa:ORF1ab:G327V(nuc:G1245T)|nuc:T2911G|nuc:C3037T|aa:ORF1ab:P1640L(nuc:C5184T)|aa:ORF1ab:E1687D(nuc:G5326T)|nuc:A5584G|aa:ORF1ab:I2010V(nuc:A6293G)|aa:ORF1ab:A3209V(nuc:C9891T)|aa:ORF1ab:T3255I(nuc:C10029T)|nuc:C10834T|aa:ORF1ab:V3718A(nuc:T11418C)|aa:ORF1ab:T3750I(nuc:C11514T)|aa:ORF1ab:A3963V(nuc:C12153T)|nuc:C13019T|aa:ORF1ab:P4715L(nuc:C14408T)|aa:ORF1ab:G5063S(nuc:G15451A)|aa:ORF1ab:P5401L(nuc:C16466T)|nuc:C19152T|aa:S:T19R(nuc:C21618G)|aa:S:G142D(nuc:G21987A)|del:22029:6|aa:S:A222V(nuc:C22227T)|aa:S:L452R(nuc:T22917G)|aa:S:T478K(nuc:C22995A)|aa:S:D614G(nuc:A23403G)|aa:S:P681R(nuc:C23604G)|aa:S:D950N(nuc:G24410A)|aa:S:N1074S(nuc:A24783G)|aa:S:V1264L(nuc:G25352T)|aa:ORF3a:S26L(nuc:C25469T)|aa:ORF3a:L219F(nuc:G26049T)|aa:M:I82T(nuc:T26767C)|nuc:A26864T|aa:ORF6:K48N(nuc:A27345T)|aa:ORF7a:V82A(nuc:T27638C)|aa:ORF7a:T120I(nuc:C27752T)|del:28248:6|del:28271:1|aa:N:D63G(nuc:A28461G)|aa:N:R203M(nuc:G28881T)|aa:N:D377Y(nuc:G29402T)
hCoV-19/Mexico/BN-SEARCH-112796/2021,aa:ORF1ab:G392C(nuc:G1439T)|aa:ORF1ab:T403I(nuc:C1473T)|aa:ORF1ab:E444K(nuc:G1595A)|nuc:C1912T|nuc:C3037T|aa:ORF1ab:A1306S(nuc:G4181T)|aa:ORF1ab:T1637I(nuc:C5175T)|aa:ORF1ab:P1921Q(nuc:C6027A)|aa:ORF1ab:P2046L(nuc:C6402T)|aa:ORF1ab:P2287S(nuc:C7124T)|nuc:C8986T|aa:ORF1ab:V2930L(nuc:G9053T)|nuc:C9559T|aa:ORF1ab:T3255I(nuc:C10029T)|aa:ORF1ab:T3646A(nuc:A11201G)|nuc:A11332G|aa:ORF1ab:P4715L(nuc:C14408T)|nuc:T15225C|nuc:C15240T|aa:ORF1ab:G5063S(nuc:G15451A)|aa:ORF1ab:P5401L(nuc:C16466T)|aa:ORF1ab:A5620S(nuc:G17122T)|aa:ORF1ab:A6319V(nuc:C19220T)|aa:S:T19R(nuc:C21618G)|aa:S:T76S(nuc:C21789G)|aa:S:T95I(nuc:C21846T)|aa:S:G142D(nuc:G21987A)|del:22029:6|aa:S:A352S(nuc:G22616T)|aa:S:L452R(nuc:T22917G)|aa:S:T478K(nuc:C22995A)|aa:S:D614G(nuc:A23403G)|aa:S:P681R(nuc:C23604G)|nuc:C24130T|aa:S:D950N(nuc:G24410A)|aa:ORF3a:S26L(nuc:C25469T)|aa:M:I82T(nuc:T26767C)|aa:ORF7a:V82A(nuc:T27638C)|aa:ORF7a:T120I(nuc:C27752T)|aa:ORF7b:T40I(nuc:C27874T)|nuc:T28007C|del:28248:6|del:28271:1|aa:N:D63G(nuc:A28461G)|aa:N:E136D(nuc:G28681T)|aa:N:R203M(nuc:G28881T)|aa:N:G215C(nuc:G28916T)|aa:N:D377Y(nuc:G29402T)
hCoV-19/Mexico/BN-SEARCH-118456/2021,nuc:C583T|nuc:C3037T|aa:ORF1ab:A1043V(nuc:C3393T)|aa:ORF1ab:A1306S(nuc:G4181T)|aa:ORF1ab:P2046L(nuc:C6402T)|nuc:C6982T|aa:ORF1ab:P2287S(nuc:C7124T)|aa:ORF1ab:H2831Y(nuc:C8756T)|aa:ORF1ab:T2967I(nuc:C9165T)|aa:ORF1ab:T3255I(nuc:C10029T)|aa:ORF1ab:K3353R(nuc:A10323G)|aa:ORF1ab:T3646A(nuc:A11201G)|nuc:A11332G|nuc:A12772G|aa:ORF1ab:P4715L(nuc:C14408T)|nuc:C15240T|aa:ORF1ab:G5063S(nuc:G15451A)|aa:ORF1ab:P5401L(nuc:C16466T)|aa:ORF1ab:A6319V(nuc:C19220T)|aa:S:T19R(nuc:C21618G)|aa:S:T95I(nuc:C21846T)|aa:S:G142D(nuc:G21987A)|del:22029:6|aa:S:L452R(nuc:T22917G)|aa:S:T478K(nuc:C22995A)|aa:S:D614G(nuc:A23403G)|aa:S:P681R(nuc:C23604G)|aa:S:D950N(nuc:G24410A)|aa:S:V1177L(nuc:G25091T)|aa:ORF3a:S26L(nuc:C25469T)|aa:M:I82T(nuc:T26767C)|nuc:C27297T|aa:ORF7a:V82A(nuc:T27638C)|aa:ORF7a:T120I(nuc:C27752T)|aa:ORF7b:T40I(nuc:C27874T)|nuc:G28001T|del:28248:6|del:28271:1|aa:N:R203M(nuc:G28881T)|aa:N:G215C(nuc:G28916T)|aa:N:D377Y(nuc:G29402T)
hCoV-19/USA/ATM-8JJ2WU574/2021,nuc:C337T|nuc:C3037T|aa:ORF1ab:V1143F(nuc:G3692T)|nuc:T4003C|aa:ORF1ab:A1306S(nuc:G4181T)|nuc:C5812T|aa:ORF1ab:P2046L(nuc:C6402T)|aa:ORF1ab:P2287S(nuc:C7124T)|nuc:C8986T|aa:ORF1ab:V2930L(nuc:G9053T)|aa:ORF1ab:T3255I(nuc:C10029T)|aa:ORF1ab:T3646A(nuc:A11201G)|nuc:A11332G|aa:ORF1ab:G5063S(nuc:G15451A)|aa:ORF1ab:P5401L(nuc:C16466T)|aa:ORF1ab:I5658V(nuc:A17236G)|nuc:A18360G|aa:ORF1ab:A6319V(nuc:C19220T)|nuc:G21255T|aa:S:T19R(nuc:C21618G)|aa:S:T29I(nuc:C21648T)|aa:S:G142D(nuc:G21987A)|del:22029:6|nuc:C22388T|aa:S:T478K(nuc:C22995A)|aa:S:D614G(nuc:A23403G)|aa:S:P681R(nuc:C23604G)|nuc:C24208T|nuc:C24382T|aa:ORF3a:S26L(nuc:C25469T)|aa:ORF3a:P104S(nuc:C25702T)|aa:M:I82T(nuc:T26767C)|aa:ORF7a:V82A(nuc:T27638C)|aa:ORF7a:T120I(nuc:C27752T)|aa:ORF7b:T40I(nuc:C27874T)|del:28248:6|del:28271:1|aa:N:D63G(nuc:A28461G)|aa:N:R203M(nuc:G28881T)|aa:N:A208S(nuc:G28895T)|aa:N:G215C(nuc:G28916T)|aa:N:D377Y(nuc:G29402T)
hCoV-19/USA/ATM-M8QVP4R7N/2021,nuc:A1105T|nuc:C3037T|aa:ORF1ab:H1160Y(nuc:C3743T)|aa:ORF1ab:A1306S(nuc:G4181T)|aa:ORF1ab:P2046L(nuc:C6402T)|aa:ORF1ab:S2188F(nuc:C6828T)|aa:ORF1ab:P2287S(nuc:C7124T)|nuc:T8918C|nuc:C8986T|aa:ORF1ab:V2930L(nuc:G9053T)|aa:ORF1ab:L3116F(nuc:C9611T)|aa:ORF1ab:T3255I(nuc:C10029T)|aa:ORF1ab:T3646A(nuc:A11201G)|nuc:A11332G|nuc:C11758T|nuc:G12070A|aa:ORF1ab:P4715L(nuc:C14408T)|aa:ORF1ab:G5063S(nuc:G15451A)|aa:ORF1ab:P5401L(nuc:C16466T)|aa:ORF1ab:I5658V(nuc:A17236G)|aa:ORF1ab:A6319V(nuc:C19220T)|aa:ORF1ab:G6837D(nuc:G20774A)|aa:S:T19R(nuc:C21618G)|nuc:C21736T|aa:S:G142D(nuc:G21987A)|del:22029:6|aa:S:L452R(nuc:T22917G)|aa:S:T478K(nuc:C22995A)|aa:S:D614G(nuc:A23403G)|aa:S:P681R(nuc:C23604G)|nuc:C24208T|aa:ORF3a:S26L(nuc:C25469T)|aa:M:I82T(nuc:T26767C)|nuc:T27291C|aa:ORF6:S41F(nuc:C27323T)|aa:ORF7a:P34S(nuc:C27493T)|aa:ORF7a:V82A(nuc:T27638C)|aa:ORF7a:T120I(nuc:C27752T)|aa:ORF7b:T40I(nuc:C27874T)|del:28248:6|del:28271:1|aa:N:D63G(nuc:A28461G)|aa:N:R203M(nuc:G28881T)|aa:N:G215C(nuc:G28916T)|aa:N:D377Y(nuc:G29402T)
hCoV-19/Mexico/BN-SEARCH-116487/2021,nuc:T3022C|nuc:C3037T|nuc:C3695T|aa:ORF1ab:A1306S(nuc:G4181T)|nuc:C6040T|aa:ORF1ab:P2046L(nuc:C6402T)|aa:ORF1ab:P2287S(nuc:C7124T)|aa:ORF1ab:A2554V(nuc:C7926T)|nuc:C8986T|aa:ORF1ab:V2930L(nuc:G9053T)|aa:ORF1ab:S2972F(nuc:C9180T)|aa:ORF1ab:T3255I(nuc:C10029T)|aa:ORF1ab:T3646A(nuc:A11201G)|aa:ORF1ab:I4334T(nuc:T13266C)|aa:ORF1ab:F4584V(nuc:T14014G)|aa:ORF1ab:P4715L(nuc:C14408T)|aa:ORF1ab:G5063S(nuc:G15451A)|aa:ORF1ab:P5401L(nuc:C16466T)|aa:S:T19R(nuc:C21618G)|aa:S:G142D(nuc:G21987A)|del:22029:6|aa:S:G446V(nuc:G22899T)|aa:S:L452R(nuc:T22917G)|aa:S:T478K(nuc:C22995A)|aa:S:D614G(nuc:A23403G)|aa:S:P681R(nuc:C23604G)|aa:S:D950N(nuc:G24410A)|aa:ORF3a:S26L(nuc:C25469T)|aa:ORF3a:T89I(nuc:C25658T)|aa:M:I82T(nuc:T26767C)|aa:ORF7a:V82A(nuc:T27638C)|aa:ORF7a:T120I(nuc:C27752T)|aa:ORF7b:T40I(nuc:C27874T)|del:28248:6|del:28271:1|aa:N:D63G(nuc:A28461G)|aa:N:R203M(nuc:G28881T)|aa:N:G215C(nuc:G28916T)
hCoV-19/Mexico/BN-SEARCH-112784/2021,nuc:C775T|nuc:C3037T|nuc:T3913C|aa:ORF1ab:A1306S(nuc:G4181T)|aa:ORF1ab:P2046L(nuc:C6402T)|aa:ORF1ab:P2287S(nuc:C7124T)|nuc:C8986T|aa:ORF1ab:V2930L(nuc:G9053T)|nuc:C9559T|aa:ORF1ab:T3255I(nuc:C10029T)|aa:ORF1ab:T3646A(nuc:A11201G)|nuc:A11332G|aa:ORF1ab:P4715L(nuc:C14408T)|nuc:C15240T|aa:ORF1ab:G5063S(nuc:G15451A)|aa:ORF1ab:P5401L(nuc:C16466T)|aa:ORF1ab:A5620S(nuc:G17122T)|nuc:C19164T|aa:ORF1ab:A6319V(nuc:C19220T)|aa:S:T19R(nuc:C21618G)|aa:S:T95I(nuc:C21846T)|aa:S:G142D(nuc:G21987A)|del:22029:6|aa:S:L452R(nuc:T22917G)|aa:S:T478K(nuc:C22995A)|aa:S:D614G(nuc:A23403G)|aa:S:P681R(nuc:C23604G)|aa:S:D950N(nuc:G24410A)|aa:ORF3a:S26L(nuc:C25469T)|aa:M:I82T(nuc:T26767C)|aa:ORF7a:V82A(nuc:T27638C)|aa:ORF7a:T120I(nuc:C27752T)|aa:ORF7b:T40I(nuc:C27874T)|nuc:T28007C|del:28248:6|del:28271:1|aa:N:D63G(nuc:A28461G)|aa:N:R203M(nuc:G28881T)|aa:N:G215C(nuc:G28916T)|aa:N:D377Y(nuc:G29402T)|nuc:A29488G
hCoV-19/Mexico/BCN-SEARCH-102942/2020,nuc:C3037T|aa:ORF1ab:P4715L(nuc:C14408T)|nuc:A20268G|aa:S:D614G(nuc:A23403G)|nuc:T24076C|aa:ORF3a:I186S(nuc:T25949G)|aa:N:S194L(nuc:C28854T)
hCoV-19/Mexico/BN-SEARCH-116677/2021,nuc:C3037T|aa:ORF1ab:V1006I(nuc:G3281A)|del:3284:18|aa:ORF1ab:A1306S(nuc:G4181T)|aa:ORF1ab:P2046L(nuc:C6402T)|aa:ORF1ab:P2287S(nuc:C7124T)|nuc:C7681T|nuc:C8986T|aa:ORF1ab:V2930L(nuc:G9053T)|nuc:C9559T|aa:ORF1ab:I3140M(nuc:A9685G)|aa:ORF1ab:T3255I(nuc:C10029T)|aa:ORF1ab:T3646A(nuc:A11201G)|aa:ORF1ab:P4715L(nuc:C14408T)|nuc:C14937T|nuc:C15240T|aa:ORF1ab:G5063S(nuc:G15451A)|aa:ORF1ab:P5401L(nuc:C16466T)|aa:ORF1ab:A5620S(nuc:G17122T)|aa:ORF1ab:A6319V(nuc:C19220T)|aa:S:T19R(nuc:C21618G)|aa:S:G142D(nuc:G21987A)|del:22029:6|aa:S:L452R(nuc:T22917G)|aa:S:T478K(nuc:C22995A)|aa:S:D614G(nuc:A23403G)|aa:S:P681R(nuc:C23604G)|nuc:C24130T|aa:S:D950N(nuc:G24410A)|nuc:A24742T|aa:S:K1073N(nuc:G24781T)|aa:ORF3a:S26L(nuc:C25469T)|aa:ORF3a:T175I(nuc:C25916T)|aa:M:I82T(nuc:T26767C)|aa:ORF7a:V82A(nuc:T27638C)|aa:ORF7a:T120I(nuc:C27752T)|aa:ORF7b:T40I(nuc:C27874T)|nuc:T28007C|del:28248:6|del:28271:1|aa:N:D63G(nuc:A28461G)|aa:N:R203M(nuc:G28881T)|aa:N:G215C(nuc:G28916T)
hCoV-19/Mexico/BN-SEARCH-118458/2021,aa:ORF1ab:T403I(nuc:C1473T)|nuc:T2047C|nuc:C3037T|aa:ORF1ab:T1004I(nuc:C3276T)|nuc:G4255T|aa:ORF1ab:P2046L(nuc:C6402T)|aa:ORF1ab:P2287S(nuc:C7124T)|nuc:C8986T|aa:ORF1ab:V2930L(nuc:G9053T)|nuc:C9559T|aa:ORF1ab:T3255I(nuc:C10029T)|aa:ORF1ab:T3646A(nuc:A11201G)|nuc:A11332G|nuc:G13201T|aa:ORF1ab:P4715L(nuc:C14408T)|nuc:C15240T|aa:ORF1ab:G5063S(nuc:G15451A)|aa:ORF1ab:P5401L(nuc:C16466T)|aa:ORF1ab:A5620S(nuc:G17122T)|nuc:C18348T|aa:ORF1ab:A6319V(nuc:C19220T)|nuc:C19596T|aa:ORF1ab:V6746A(nuc:T20501C)|aa:S:T19R(nuc:C21618G)|aa:S:T95I(nuc:C21846T)|aa:S:G142D(nuc:G21987A)|del:22029:6|aa:S:L452R(nuc:T22917G)|aa:S:T478K(nuc:C22995A)|aa:S:D614G(nuc:A23403G)|aa:S:P681R(nuc:C23604G)|nuc:C24130T|aa:S:D950N(nuc:G24410A)|aa:ORF3a:S26L(nuc:C25469T)|aa:ORF3a:A33S(nuc:G25489T)|aa:M:I82T(nuc:T26767C)|aa:ORF7a:V82A(nuc:T27638C)|aa:ORF7a:T120I(nuc:C27752T)|aa:ORF7b:T40I(nuc:C27874T)|nuc:T28007C|del:28248:6|del:28271:1|aa:N:R203M(nuc:G28881T)|aa:N:G215C(nuc:G28916T)|aa:N:D377Y(nuc:G29402T)|aa:ORF10:D31Y(nuc:G29648T)
hCoV-19/USA/ATM-6X7SZWVZC/2021,aa:ORF1ab:E87D(nuc:G526T)|nuc:C3037T|aa:ORF1ab:A1306S(nuc:G4181T)|aa:ORF1ab:P2046L(nuc:C6402T)|nuc:T6661C|aa:ORF1ab:S2193A(nuc:T6842G)|aa:ORF1ab:P2287S(nuc:C7124T)|nuc:C8986T|aa:ORF1ab:V2930L(nuc:G9053T)|aa:ORF1ab:T3255I(nuc:C10029T)|aa:ORF1ab:T3646A(nuc:A11201G)|nuc:A11332G|aa:ORF1ab:P4715L(nuc:C14408T)|aa:ORF1ab:G5063S(nuc:G15451A)|aa:ORF1ab:P5401L(nuc:C16466T)|aa:ORF1ab:I5658V(nuc:A17236G)|aa:ORF1ab:A6319V(nuc:C19220T)|nuc:C20235T|aa:S:T19R(nuc:C21618G)|aa:S:G142D(nuc:G21987A)|del:22029:6|aa:S:L452R(nuc:T22917G)|aa:S:T478K(nuc:C22995A)|aa:S:D614G(nuc:A23403G)|aa:S:P681R(nuc:C23604G)|nuc:C24208T|aa:S:D950N(nuc:G24410A)|aa:ORF3a:S26L(nuc:C25469T)|aa:M:I82T(nuc:T26767C)|del:27190:34|nuc:T27291C|aa:ORF7a:V82A(nuc:T27638C)|aa:ORF7a:T120I(nuc:C27752T)|aa:ORF7b:T40I(nuc:C27874T)|aa:ORF8:C25Y(nuc:G27967A)|aa:ORF8:P36S(nuc:C27999T)|del:28248:6|del:28271:1|aa:N:D63G(nuc:A28461G)|aa:N:R203M(nuc:G28881T)|aa:N:G215C(nuc:G28916T)|aa:N:D377Y(nuc:G29402T)
hCoV-19/Mexico/BCN-SEARCH-104087/2021,nuc:C1426T|aa:ORF1ab:L454F(nuc:C1625T)|nuc:C1960T|nuc:G2782T|nuc:C3037T|aa:ORF1ab:P959S(nuc:C3140T)|aa:ORF1ab:T3255I(nuc:C10029T)|nuc:C10954T|aa:ORF1ab:I3618V(nuc:A11117G)|aa:ORF1ab:T4175I(nuc:C12789T)|aa:ORF1ab:A4285V(nuc:C13119T)|aa:ORF1ab:P4715L(nuc:C14408T)|nuc:T15726A|nuc:T19839C|nuc:C21306T|aa:S:S255F(nuc:C22326T)|aa:S:T478K(nuc:C22995A)|aa:S:D614G(nuc:A23403G)|aa:S:P681H(nuc:C23604A)|aa:S:T732A(nuc:A23756G)|aa:M:A104V(nuc:C26833T)|aa:N:R203K(nuc:G28881A;nuc:G28882A)|aa:N:G204R(nuc:G28883C)|nuc:C29197T|aa:N:Q418H(nuc:G29527T)
hCoV-19/USA/ATM-RW6DYHB65/2021,nuc:C1102T|nuc:C3037T|aa:ORF1ab:A1306S(nuc:G4181T)|aa:ORF1ab:A1679V(nuc:C5301T)|aa:ORF1ab:R1953K(nuc:G6123A)|aa:ORF1ab:P2046L(nuc:C6402T)|aa:ORF1ab:P2287S(nuc:C7124T)|aa:ORF1ab:A2529V(nuc:C7851T)|nuc:C8986T|aa:ORF1ab:V2930L(nuc:G9053T)|aa:ORF1ab:T3255I(nuc:C10029T)|nuc:C10156T|nuc:T10516C|aa:ORF1ab:T3646A(nuc:A11201G)|nuc:A11332G|aa:ORF1ab:A4257V(nuc:C13035T)|aa:ORF1ab:P4715L(nuc:C14408T)|aa:ORF1ab:G5063S(nuc:G15451A)|aa:ORF1ab:P5401L(nuc:C16466T)|aa:ORF1ab:A6319V(nuc:C19220T)|aa:ORF1ab:A6919S(nuc:G21019T)|aa:S:T19R(nuc:C21618G)|aa:S:T95I(nuc:C21846T)|aa:S:D138H(nuc:G21974C)|aa:S:G142D(nuc:G21987A)|del:22029:6|aa:S:L452R(nuc:T22917G)|aa:S:T478K(nuc:C22995A)|aa:S:D614G(nuc:A23403G)|aa:S:P681R(nuc:C23604G)|aa:S:D950N(nuc:G24410A)|aa:ORF3a:S26L(nuc:C25469T)|nuc:C25509T|aa:M:I82T(nuc:T26767C)|aa:ORF7a:V82A(nuc:T27638C)|aa:ORF7a:T120I(nuc:C27752T)|aa:ORF7b:T40I(nuc:C27874T)|del:28248:6|del:28271:1|aa:N:D63G(nuc:A28461G)|aa:N:R203M(nuc:G28881T)|aa:N:G215C(nuc:G28916T)|aa:N:D377Y(nuc:G29402T)|aa:ORF10:A8V(nuc:C29580T)
hCoV-19/USA/ATM-7FP95AWQQ/2021,aa:ORF1ab:V823I(nuc:G2732A)|nuc:T2911G|nuc:C3037T|aa:ORF1ab:P1640L(nuc:C5184T)|nuc:A5584G|aa:ORF1ab:A3209V(nuc:C9891T)|nuc:T10357C|nuc:G11179A|aa:ORF1ab:V3718A(nuc:T11418C)|aa:ORF1ab:T3750I(nuc:C11514T)|nuc:C13019T|aa:ORF1ab:T4311I(nuc:C13197T)|aa:ORF1ab:D4695N(nuc:G14347A)|aa:ORF1ab:P4715I(nuc:C14407A;nuc:C14408T)|aa:ORF1ab:G5063S(nuc:G15451A)|aa:ORF1ab:P5401L(nuc:C16466T)|aa:S:T19R(nuc:C21618G)|aa:S:G142D(nuc:G21987A)|aa:S:M153I(nuc:G22021T)|del:22029:6|aa:S:A222V(nuc:C22227T)|aa:S:L452R(nuc:T22917G)|aa:S:T478K(nuc:C22995A)|aa:S:D614G(nuc:A23403G)|aa:S:P681R(nuc:C23604G)|aa:S:D950N(nuc:G24410A)|aa:S:V1264L(nuc:G25352T)|aa:ORF3a:S26L(nuc:C25469T)|aa:M:I82T(nuc:T26767C)|aa:ORF6:K48N(nuc:A27345T)|aa:ORF7a:V82A(nuc:T27638C)|aa:ORF7a:T120I(nuc:C27752T)|del:28248:6|del:28271:1|aa:N:T24I(nuc:C28344T)|aa:N:D63G(nuc:A28461G)|aa:N:R203M(nuc:G28881T)|aa:N:D377Y(nuc:G29402T)
hCoV-19/Mexico/BCN-SEARCH-102829/2020,aa:ORF1ab:P777S(nuc:C2594T)|nuc:C3037T|nuc:C4582T|aa:ORF1ab:P3613S(nuc:C11102T)|aa:ORF1ab:P4715L(nuc:C14408T)|aa:ORF1ab:S5404G(nuc:A16474G)|nuc:A20268G|aa:S:D614G(nuc:A23403G)|nuc:C25452T
hCoV-19/Mexico/BCN-SEARCH-104090/2021,aa:ORF1ab:P309L(nuc:C1191T)|nuc:C1267T|nuc:C3037T|aa:ORF1ab:P1640L(nuc:C5184T)|aa:ORF1ab:A3209V(nuc:C9891T)|aa:ORF1ab:P3447H(nuc:C10605A)|aa:ORF1ab:V3718A(nuc:T11418C)|nuc:T12946C|aa:ORF1ab:P4715L(nuc:C14408T)|aa:ORF1ab:G5063S(nuc:G15451A)|aa:ORF1ab:P5401L(nuc:C16466T)|nuc:A17406G|aa:ORF1ab:P5971L(nuc:C18176T)|nuc:A18468G|nuc:A20262G|aa:S:T19R(nuc:C21618G)|aa:S:G142D(nuc:G21987A)|del:22029:6|aa:S:L452R(nuc:T22917G)|aa:S:T478K(nuc:C22995A)|aa:S:D614G(nuc:A23403G)|aa:S:P681R(nuc:C23604G)|aa:S:D950N(nuc:G24410A)|aa:ORF3a:S26L(nuc:C25469T)|aa:M:I82T(nuc:T26767C)|nuc:G26918T|aa:ORF7a:V82A(nuc:T27638C)|aa:ORF7a:L116F(nuc:C27739T)|aa:ORF7a:T120I(nuc:C27752T)|del:28248:6|del:28271:1|aa:N:D63G(nuc:A28461G)|aa:N:R203M(nuc:G28881T)|nuc:C29095T|aa:N:G321S(nuc:G29234A)|aa:N:D377Y(nuc:G29402T)
hCoV-19/Mexico/BCN-SEARCH-102893/2020,nuc:C3037T|aa:ORF1ab:P4715L(nuc:C14408T)|nuc:A20268G|aa:S:D614G(nuc:A23403G)|nuc:T24076C|aa:N:S194L(nuc:C28854T)
hCoV-19/USA/ATM-B5TVXN43D/2021,aa:ORF1ab:H110Y(nuc:C593T)|nuc:C3037T|aa:ORF1ab:A1306S(nuc:G4181T)|aa:ORF1ab:P2046L(nuc:C6402T)|aa:ORF1ab:P2287S(nuc:C7124T)|aa:ORF1ab:T2648I(nuc:C8208T)|nuc:C8986T|aa:ORF1ab:S2926F(nuc:C9042T)|aa:ORF1ab:V2930L(nuc:G9053T)|nuc:C9559T|aa:ORF1ab:T3255I(nuc:C10029T)|aa:ORF1ab:T3646A(nuc:A11201G)|nuc:A11332G|aa:ORF1ab:T4418I(nuc:C13517T)|aa:ORF1ab:P4715L(nuc:C14408T)|nuc:C15240T|aa:ORF1ab:G5063S(nuc:G15451A)|aa:ORF1ab:A5620S(nuc:G17122T)|aa:ORF1ab:A6319V(nuc:C19220T)|aa:S:T19R(nuc:C21618G)|aa:S:T95I(nuc:C21846T)|aa:S:D614G(nuc:A23403G)|aa:S:P681R(nuc:C23604G)|aa:ORF3a:S26L(nuc:C25469T)|aa:E:F20L(nuc:T26302C)|nuc:C26681T|aa:M:I82T(nuc:T26767C)|aa:ORF7a:Q62*(nuc:C27577T)|aa:ORF7a:V82A(nuc:T27638C)|aa:ORF7a:T120I(nuc:C27752T)|aa:ORF7b:T40I(nuc:C27874T)|nuc:T28007C|del:28248:6|del:28271:1|aa:N:D63G(nuc:A28461G)|aa:N:R203M(nuc:G28881T)|aa:N:G215C(nuc:G28916T)|aa:N:D377Y(nuc:G29402T)
hCoV-19/Mexico/BN-SEARCH-116546/2021,aa:ORF1ab:A339V(nuc:C1281T)|aa:ORF1ab:A599V(nuc:C2061T)|nuc:C3037T|aa:ORF1ab:A1306S(nuc:G4181T)|aa:ORF1ab:S1924N(nuc:G6036A)|aa:ORF1ab:P2046L(nuc:C6402T)|aa:ORF1ab:P2287S(nuc:C7124T)|aa:ORF1ab:I2368T(nuc:T7368C)|nuc:C8986T|aa:ORF1ab:V2930L(nuc:G9053T)|aa:ORF1ab:T2967I(nuc:C9165T)|aa:ORF1ab:T3255I(nuc:C10029T)|nuc:G10642T|aa:ORF1ab:T3646A(nuc:A11201G)|nuc:G12769A|aa:ORF1ab:P4715L(nuc:C14408T)|aa:ORF1ab:G5063S(nuc:G15451A)|aa:ORF1ab:T5262I(nuc:C16049T)|aa:ORF1ab:P5401L(nuc:C16466T)|aa:ORF1ab:A6319V(nuc:C19220T)|nuc:A20055G|aa:S:T19R(nuc:C21618G)|aa:S:T95I(nuc:C21846T)|aa:S:K97E(nuc:A21851G)|aa:S:G142D(nuc:G21987A)|del:22029:6|aa:S:L452R(nuc:T22917G)|aa:S:T478K(nuc:C22995A)|aa:S:D614G(nuc:A23403G)|aa:S:P681R(nuc:C23604G)|aa:S:D950N(nuc:G24410A)|aa:S:V1104L(nuc:G24872T)|aa:ORF3a:S26L(nuc:C25469T)|aa:M:I82T(nuc:T26767C)|aa:ORF7a:V82A(nuc:T27638C)|aa:ORF7a:T120I(nuc:C27752T)|aa:ORF7b:T40I(nuc:C27874T)|del:28248:6|del:28271:1|aa:N:D63G(nuc:A28461G)|aa:N:R203M(nuc:G28881T)|aa:N:G215C(nuc:G28916T)|nuc:C29095T
hCoV-19/Mexico/BN-SEARCH-116580/2021,aa:ORF1ab:T403I(nuc:C1473T)|nuc:C3037T|aa:ORF1ab:A1306S(nuc:G4181T)|aa:ORF1ab:P2046L(nuc:C6402T)|aa:ORF1ab:P2287S(nuc:C7124T)|nuc:C8986T|aa:ORF1ab:V2930L(nuc:G9053T)|nuc:C9559T|aa:ORF1ab:T3255I(nuc:C10029T)|aa:ORF1ab:T3646A(nuc:A11201G)|aa:ORF1ab:P4715L(nuc:C14408T)|nuc:C15240T|aa:ORF1ab:G5063S(nuc:G15451A)|aa:ORF1ab:P5401L(nuc:C16466T)|aa:ORF1ab:A5620S(nuc:G17122T)|aa:ORF1ab:A6319V(nuc:C19220T)|aa:ORF1ab:Q6582L(nuc:A20009T)|aa:S:T19R(nuc:C21618G)|aa:S:T95I(nuc:C21846T)|aa:S:G142D(nuc:G21987A)|del:22029:6|aa:S:L452R(nuc:T22917G)|aa:S:T478K(nuc:C22995A)|aa:S:E484Q(nuc:G23012C)|aa:S:D614G(nuc:A23403G)|aa:S:P681R(nuc:C23604G)|nuc:C24023T|nuc:C24130T|aa:S:D950N(nuc:G24410A)|aa:S:A1078S(nuc:G24794T)|aa:ORF3a:S26L(nuc:C25469T)|aa:M:I82T(nuc:T26767C)|aa:ORF7a:V82A(nuc:T27638C)|aa:ORF7a:T120I(nuc:C27752T)|aa:ORF7b:T40I(nuc:C27874T)|nuc:T28007C|del:28248:6|del:28271:1|aa:N:D63G(nuc:A28461G)|aa:N:R203M(nuc:G28881T)|aa:N:G215C(nuc:G28916T)
hCoV-19/Mexico/BCN-SEARCH-103031/2020,nuc:C1102T|nuc:C3037T|aa:ORF1ab:F3080I(nuc:T9503A)|aa:ORF1ab:P4715L(nuc:C14408T)|nuc:A20268G|nuc:T22369C|aa:S:D614G(nuc:A23403G)|nuc:G24757T|aa:N:V72I(nuc:G28487A)|aa:N:S194L(nuc:C28854T)
hCoV-19/Mexico/BN-SEARCH-116563/2021,nuc:C337T|aa:ORF1ab:T484I(nuc:C1716T)|aa:ORF1ab:A599V(nuc:C2061T)|nuc:C2942T|nuc:C3037T|aa:ORF1ab:A1306S(nuc:G4181T)|aa:ORF1ab:P2046L(nuc:C6402T)|aa:ORF1ab:P2287S(nuc:C7124T)|aa:ORF1ab:T2872M(nuc:C8880T)|nuc:C8986T|aa:ORF1ab:V2930L(nuc:G9053T)|nuc:G9190T|aa:ORF1ab:T3255I(nuc:C10029T)|aa:ORF1ab:T3646A(nuc:A11201G)|aa:ORF1ab:D4547N(nuc:G13903A)|aa:ORF1ab:P4715L(nuc:C14408T)|aa:ORF1ab:G5063S(nuc:G15451A)|aa:ORF1ab:P5401L(nuc:C16466T)|aa:ORF1ab:P6517S(nuc:C19813T)|aa:S:T19R(nuc:C21618G)|aa:S:T95I(nuc:C21846T)|aa:S:G142D(nuc:G21987A)|del:22029:6|aa:S:L452R(nuc:T22917G)|aa:S:T478K(nuc:C22995A)|aa:S:D614G(nuc:A23403G)|aa:S:P681R(nuc:C23604G)|aa:S:D950N(nuc:G24410A)|aa:S:V1104L(nuc:G24872T)|aa:ORF3a:S26L(nuc:C25469T)|aa:M:I82T(nuc:T26767C)|aa:ORF7a:E41D(nuc:G27516T)|aa:ORF7a:V82A(nuc:T27638C)|aa:ORF7a:T120I(nuc:C27752T)|aa:ORF7b:T40I(nuc:C27874T)|del:28248:6|del:28271:1|aa:N:D63G(nuc:A28461G)|aa:N:R203M(nuc:G28881T)|aa:N:G215C(nuc:G28916T)
hCoV-19/Mexico/BN-SEARCH-118492/2022,aa:ORF1ab:R73C(nuc:C482T)|nuc:C2470T|aa:ORF1ab:K856R(nuc:A2832G)|nuc:C3037T|nuc:C3695T|nuc:T5386G|del:6513:3|aa:ORF1ab:A2710T(nuc:G8393A)|aa:ORF1ab:T3255I(nuc:C10029T)|aa:ORF1ab:P3395H(nuc:C10449A)|del:11283:9|aa:ORF1ab:I3758V(nuc:A11537G)|nuc:T13195C|aa:ORF1ab:P4715L(nuc:C14408T)|nuc:T14715C|nuc:C15240T|aa:ORF1ab:I5967V(nuc:A18163G)|aa:S:A67V(nuc:C21762T)|del:21765:6|aa:S:T95I(nuc:C21846T)|del:21987:9|del:22194:3|ins:22204:9|aa:S:G339D(nuc:G22578A)|aa:S:R346K(nuc:G22599A)|aa:S:S371L(nuc:T22673C;nuc:C22674T)|aa:S:S373P(nuc:T22679C)|aa:S:S375F(nuc:C22686T)|aa:S:K417N(nuc:G22813T)|aa:S:N440K(nuc:T22882G)|aa:S:G446S(nuc:G22898A)|aa:S:S477N(nuc:G22992A)|aa:S:T478K(nuc:C22995A)|aa:S:E484A(nuc:A23013C)|aa:S:Q493R(nuc:A23040G)|aa:S:G496S(nuc:G23048A)|aa:S:Q498R(nuc:A23055G)|aa:S:N501Y(nuc:A23063T)|aa:S:Y505H(nuc:T23075C)|aa:S:T547K(nuc:C23202A)|aa:S:D614G(nuc:A23403G)|aa:S:H655Y(nuc:C23525T)|aa:S:N679K(nuc:T23599G)|aa:S:P681H(nuc:C23604A)|aa:S:N764K(nuc:C23854A)|aa:S:D796Y(nuc:G23948T)|aa:S:N856K(nuc:C24130A)|aa:S:Q954H(nuc:A24424T)|aa:S:N969K(nuc:T24469A)|aa:S:L981F(nuc:C24503T)|nuc:C25000T|nuc:C25584T|aa:E:T9I(nuc:C26270T)|aa:M:D3G(nuc:A26530G)|aa:M:Q19E(nuc:C26577G)|aa:M:A63T(nuc:G26709A)|nuc:A27259C|nuc:C27807T|nuc:A28271T|aa:N:P13L(nuc:C28311T)|del:28362:9|aa:N:R203K(nuc:G28881A;nuc:G28882A)|aa:N:G204R(nuc:G28883C)
hCoV-19/USA/ATM-83PCQKKGT/2021,aa:ORF1ab:G192S(nuc:G839A)|nuc:C3037T|aa:ORF1ab:T945I(nuc:C3099T)|aa:ORF1ab:A1306S(nuc:G4181T)|aa:ORF1ab:P2046L(nuc:C6402T)|aa:ORF1ab:P2287S(nuc:C7124T)|nuc:C8986T|aa:ORF1ab:V2930L(nuc:G9053T)|aa:ORF1ab:T3255I(nuc:C10029T)|aa:ORF1ab:V3510F(nuc:G10793T)|aa:ORF1ab:T3646A(nuc:A11201G)|nuc:A11332G|aa:ORF1ab:P4715L(nuc:C14408T)|aa:ORF1ab:A4921V(nuc:C15026T)|aa:ORF1ab:G5063S(nuc:G15451A)|aa:ORF1ab:P5401L(nuc:C16466T)|nuc:C16887T|aa:ORF1ab:I5658V(nuc:A17236G)|aa:ORF1ab:A6319V(nuc:C19220T)|aa:S:T19R(nuc:C21618G)|aa:S:G142D(nuc:G21987A)|del:22029:6|aa:S:L452R(nuc:T22917G)|aa:S:T478K(nuc:C22995A)|nuc:T23119C|aa:S:D614G(nuc:A23403G)|aa:S:P681R(nuc:C23604G)|nuc:C24208T|aa:S:D950N(nuc:G24410A)|aa:S:I1225M(nuc:T25237G)|aa:ORF3a:S26L(nuc:C25469T)|aa:M:I82T(nuc:T26767C)|aa:M:R174Q(nuc:G27043A)|aa:ORF7a:V82A(nuc:T27638C)|aa:ORF7a:T120I(nuc:C27752T)|aa:ORF7b:T40I(nuc:C27874T)|del:28248:6|del:28271:1|aa:N:D63G(nuc:A28461G)|aa:N:R203M(nuc:G28881T)|aa:N:G215C(nuc:G28916T)|aa:N:D377Y(nuc:G29402T)
hCoV-19/USA/ATM-6EVGVR5SK/2021,nuc:C829T|nuc:C3037T|aa:ORF1ab:A1306S(nuc:G4181T)|aa:ORF1ab:F1553L(nuc:T4924A)|aa:ORF1ab:P1640S(nuc:C5183T)|nuc:G6349T|aa:ORF1ab:P2046L(nuc:C6402T)|nuc:T6661C|aa:ORF1ab:P2287S(nuc:C7124T)|aa:ORF1ab:S2407P(nuc:T7484C)|nuc:C8986T|aa:ORF1ab:V2930L(nuc:G9053T)|aa:ORF1ab:T3255I(nuc:C10029T)|aa:ORF1ab:T3646A(nuc:A11201G)|nuc:A11332G|aa:ORF1ab:P4715L(nuc:C14408T)|aa:ORF1ab:G5063S(nuc:G15451A)|aa:ORF1ab:P5401L(nuc:C16466T)|aa:ORF1ab:I5658V(nuc:A17236G)|aa:ORF1ab:A6319V(nuc:C19220T)|aa:S:T19R(nuc:C21618G)|aa:S:G142D(nuc:G21987A)|del:22029:6|aa:S:A419S(nuc:G22817T)|aa:S:L452R(nuc:T22917G)|aa:S:T478K(nuc:C22995A)|aa:S:D614G(nuc:A23403G)|aa:S:P681R(nuc:C23604G)|nuc:C24208T|aa:S:D950N(nuc:G24410A)|aa:ORF3a:S26L(nuc:C25469T)|aa:M:I82T(nuc:T26767C)|nuc:T27291C|aa:ORF7a:V82A(nuc:T27638C)|aa:ORF7a:T120I(nuc:C27752T)|nuc:C27800G|aa:ORF7b:T40I(nuc:C27874T)|del:28248:6|del:28271:1|aa:N:D63G(nuc:A28461G)|aa:N:R203M(nuc:G28881T)|aa:N:G215C(nuc:G28916T)|aa:N:D377Y(nuc:G29402T)|aa:N:M411I(nuc:G29506T)
hCoV-19/Mexico/BCN-SEARCH-105322/2021,aa:ORF1ab:A599V(nuc:C2061T)|nuc:C2942T|nuc:C3037T|aa:ORF1ab:A1306S(nuc:G4181T)|aa:ORF1ab:P2046L(nuc:C6402T)|aa:ORF1ab:P2287S(nuc:C7124T)|aa:ORF1ab:T2872M(nuc:C8880T)|nuc:C8986T|aa:ORF1ab:V2930L(nuc:G9053T)|nuc:G9190T|aa:ORF1ab:T3255I(nuc:C10029T)|aa:ORF1ab:T3646A(nuc:A11201G)|nuc:A11332G|aa:ORF1ab:D4547N(nuc:G13903A)|aa:ORF1ab:P4715L(nuc:C14408T)|aa:ORF1ab:G5063S(nuc:G15451A)|aa:ORF1ab:P5401L(nuc:C16466T)|aa:ORF1ab:A6319V(nuc:C19220T)|aa:ORF1ab:P6517S(nuc:C19813T)|aa:S:T19R(nuc:C21618G)|aa:S:T95I(nuc:C21846T)|aa:S:G142D(nuc:G21987A)|del:22029:6|aa:S:L452R(nuc:T22917G)|aa:S:T478K(nuc:C22995A)|aa:S:D614G(nuc:A23403G)|aa:S:P681R(nuc:C23604G)|aa:S:G891D(nuc:G24234A)|aa:S:D950N(nuc:G24410A)|aa:S:V1104L(nuc:G24872T)|aa:ORF3a:S26L(nuc:C25469T)|aa:M:I82T(nuc:T26767C)|nuc:C27393T|aa:ORF7a:V82A(nuc:T27638C)|aa:ORF7a:T120I(nuc:C27752T)|aa:ORF7b:T40I(nuc:C27874T)|del:28248:6|del:28271:1|aa:N:D63G(nuc:A28461G)|aa:N:R203M(nuc:G28881T)|aa:N:G215C(nuc:G28916T)|aa:N:D377Y(nuc:G29402T)
hCoV-19/USA/ATM-NDGC3QFQ3/2021,nuc:A808C|nuc:G2809A|nuc:C3037T|aa:ORF1ab:A1306S(nuc:G4181T)|aa:ORF1ab:A1482T(nuc:G4709A)|aa:ORF1ab:K1569N(nuc:G4972T)|aa:ORF1ab:A1631V(nuc:C5157T)|aa:ORF1ab:P2046L(nuc:C6402T)|aa:ORF1ab:P2287S(nuc:C7124T)|aa:ORF1ab:H2831Y(nuc:C8756T)|nuc:C8986T|aa:ORF1ab:V2930L(nuc:G9053T)|aa:ORF1ab:T2967I(nuc:C9165T)|aa:ORF1ab:T3255I(nuc:C10029T)|aa:ORF1ab:K3353R(nuc:A10323G)|aa:ORF1ab:T3646A(nuc:A11201G)|nuc:A11332G|nuc:A12772G|aa:ORF1ab:P4715L(nuc:C14408T)|nuc:C15240T|aa:ORF1ab:G5063S(nuc:G15451A)|aa:ORF1ab:H5274Y(nuc:C16084T)|aa:ORF1ab:P5401L(nuc:C16466T)|aa:ORF1ab:E6129D(nuc:G18651T)|aa:ORF1ab:A6319V(nuc:C19220T)|aa:ORF1ab:P6722L(nuc:C20429T)|aa:S:T19R(nuc:C21618G)|aa:S:T95I(nuc:C21846T)|aa:S:G142D(nuc:G21987A)|del:22029:6|nuc:C22388T|aa:S:L452R(nuc:T22917G)|aa:S:T478K(nuc:C22995A)|aa:S:D614G(nuc:A23403G)|aa:S:P681R(nuc:C23604G)|aa:S:D950N(nuc:G24410A)|aa:ORF3a:S26L(nuc:C25469T)|aa:M:I82T(nuc:T26767C)|aa:ORF7a:V82A(nuc:T27638C)|aa:ORF7a:T120I(nuc:C27752T)|aa:ORF7b:T40I(nuc:C27874T)|del:28248:6|del:28271:1|aa:N:D63G(nuc:A28461G)|aa:N:A155V(nuc:C28737T)|aa:N:R203M(nuc:G28881T)|aa:N:G215C(nuc:G28916T)|aa:N:D377Y(nuc:G29402T)|nuc:C29555T
hCoV-19/Mexico/BN-SEARCH-116558/2021,aa:ORF1ab:A599V(nuc:C2061T)|aa:ORF1ab:C655R(nuc:T2228C)|nuc:C3037T|aa:ORF1ab:A1306S(nuc:G4181T)|aa:ORF1ab:P2046L(nuc:C6402T)|aa:ORF1ab:P2287S(nuc:C7124T)|nuc:T8806C|nuc:C8986T|aa:ORF1ab:V2930L(nuc:G9053T)|aa:ORF1ab:T3255I(nuc:C10029T)|aa:ORF1ab:T3646A(nuc:A11201G)|aa:ORF1ab:P4715L(nuc:C14408T)|aa:ORF1ab:G5063S(nuc:G15451A)|aa:ORF1ab:D5216G(nuc:A15911G)|aa:ORF1ab:P5401L(nuc:C16466T)|aa:ORF1ab:A6319V(nuc:C19220T)|aa:ORF1ab:V6688I(nuc:G20326A)|aa:S:T19R(nuc:C21618G)|aa:S:G142D(nuc:G21987A)|del:22029:6|aa:S:L452R(nuc:T22917G)|aa:S:T478K(nuc:C22995A)|aa:S:L518V(nuc:C23114G)|aa:S:D614G(nuc:A23403G)|aa:S:P681R(nuc:C23604G)|aa:S:D950N(nuc:G24410A)|aa:S:V1104L(nuc:G24872T)|aa:ORF3a:S26L(nuc:C25469T)|aa:ORF3a:A59T(nuc:G25567A)|aa:M:I82T(nuc:T26767C)|aa:ORF7a:V82A(nuc:T27638C)|aa:ORF7a:T120I(nuc:C27752T)|aa:ORF7b:T40I(nuc:C27874T)|del:28248:6|del:28271:1|aa:N:D63G(nuc:A28461G)|aa:N:R203M(nuc:G28881T)|aa:N:G215C(nuc:G28916T)
hCoV-19/Mexico/BN-SEARCH-118494/2022,nuc:C2470T|aa:ORF1ab:K856R(nuc:A2832G)|nuc:C3037T|nuc:T5386G|del:6513:3|aa:ORF1ab:A2710T(nuc:G8393A)|aa:ORF1ab:T3255I(nuc:C10029T)|aa:ORF1ab:P3395H(nuc:C10449A)|del:11283:9|aa:ORF1ab:I3758V(nuc:A11537G)|nuc:T13195C|aa:ORF1ab:P4715L(nuc:C14408T)|nuc:C15240T|aa:ORF1ab:I5967V(nuc:A18163G)|nuc:C21595T|aa:S:A67V(nuc:C21762T)|del:21765:6|aa:S:T95I(nuc:C21846T)|del:21987:9|del:22194:3|ins:22204:9|aa:S:G339D(nuc:G22578A)|aa:S:R346K(nuc:G22599A)|aa:S:S371L(nuc:T22673C;nuc:C22674T)|aa:S:S373P(nuc:T22679C)|aa:S:S375F(nuc:C22686T)|aa:S:K417N(nuc:G22813T)|aa:S:N440K(nuc:T22882G)|aa:S:G446S(nuc:G22898A)|aa:S:S477N(nuc:G22992A)|aa:S:T478K(nuc:C22995A)|aa:S:E484A(nuc:A23013C)|aa:S:Q493R(nuc:A23040G)|aa:S:G496S(nuc:G23048A)|aa:S:Q498R(nuc:A23055G)|aa:S:N501Y(nuc:A23063T)|aa:S:Y505H(nuc:T23075C)|aa:S:T547K(nuc:C23202A)|aa:S:D614G(nuc:A23403G)|aa:S:H655Y(nuc:C23525T)|aa:S:N679K(nuc:T23599G)|aa:S:P681H(nuc:C23604A)|aa:S:N764K(nuc:C23854A)|aa:S:D796Y(nuc:G23948T)|aa:S:N856K(nuc:C24130A)|aa:S:Q954H(nuc:A24424T)|aa:S:N969K(nuc:T24469A)|aa:S:L981F(nuc:C24503T)|nuc:C25584T|aa:E:T9I(nuc:C26270T)|aa:M:D3G(nuc:A26530G)|aa:M:Q19E(nuc:C26577G)|aa:M:A63T(nuc:G26709A)|nuc:A27259C|nuc:C27807T|nuc:A28271T|aa:N:P13L(nuc:C28311T)|del:28362:9|aa:N:R203K(nuc:G28881A;nuc:G28882A)|aa:N:G204R(nuc:G28883C)
hCoV-19/Mexico/BN-SEARCH-112767/2021,aa:ORF1ab:G519S(nuc:G1820A)|aa:ORF1ab:A599V(nuc:C2061T)|nuc:C3037T|aa:ORF1ab:A1306S(nuc:G4181T)|aa:ORF1ab:P2046L(nuc:C6402T)|nuc:T6511C|aa:ORF1ab:P2287S(nuc:C7124T)|nuc:C8986T|aa:ORF1ab:V2930L(nuc:G9053T)|aa:ORF1ab:S2981A(nuc:T9206G)|aa:ORF1ab:T3255I(nuc:C10029T)|nuc:G10642T|aa:ORF1ab:T3646A(nuc:A11201G)|nuc:A11332G|aa:ORF1ab:P4715L(nuc:C14408T)|aa:ORF1ab:G5063S(nuc:G15451A)|aa:ORF1ab:P5401L(nuc:C16466T)|aa:ORF1ab:A6319V(nuc:C19220T)|aa:S:T19R(nuc:C21618G)|aa:S:T95I(nuc:C21846T)|aa:S:K97E(nuc:A21851G)|aa:S:G142D(nuc:G21987A)|del:22029:6|aa:S:L452R(nuc:T22917G)|aa:S:T478K(nuc:C22995A)|aa:S:D614G(nuc:A23403G)|aa:S:P681R(nuc:C23604G)|aa:S:D950N(nuc:G24410A)|nuc:C24718T|aa:S:V1104L(nuc:G24872T)|aa:ORF3a:S26L(nuc:C25469T)|aa:ORF3a:D155Y(nuc:G25855T)|aa:M:I82T(nuc:T26767C)|aa:ORF7a:V82A(nuc:T27638C)|aa:ORF7a:T120I(nuc:C27752T)|aa:ORF7b:T40I(nuc:C27874T)|del:28248:6|del:28271:1|aa:N:D63G(nuc:A28461G)|aa:N:R203M(nuc:G28881T)|aa:N:G215C(nuc:G28916T)|aa:N:D377Y(nuc:G29402T)|nuc:G29422A
hCoV-19/Mexico/BCN-SEARCH-105378/2021,aa:ORF1ab:T265I(nuc:C1059T)|nuc:C3037T|nuc:C3817T|aa:ORF1ab:S3158T(nuc:G9738C)|nuc:C11224T|aa:ORF1ab:Y3722C(nuc:A11430G)|nuc:C11704T|nuc:C13019T|nuc:G13713A|aa:ORF1ab:P4715L(nuc:C14408T)|aa:ORF1ab:P5377L(nuc:C16394T)|aa:ORF1ab:D5584Y(nuc:G17014T)|aa:S:S13I(nuc:G21600T)|aa:S:W152C(nuc:G22018T)|aa:S:W258L(nuc:G22335T)|nuc:C22597T|aa:S:L452R(nuc:T22917G)|aa:S:D614G(nuc:A23403G)|aa:S:P681H(nuc:C23604A)|aa:ORF3a:Q57H(nuc:G25563T)|nuc:C26681T|aa:ORF8:A65V(nuc:C28087T)|nuc:A28272T|aa:N:T205I(nuc:C28887T)|aa:N:S416L(nuc:C29520T)
hCoV-19/Mexico/BCN-SEARCH-102805/2020,nuc:C3037T|aa:ORF1ab:E940D(nuc:G3085T)|aa:ORF1ab:P4715L(nuc:C14408T)|nuc:A20268G|aa:S:D614G(nuc:A23403G)|aa:N:S194L(nuc:C28854T)
hCoV-19/Mexico/BCN-SEARCH-104143/2021,aa:ORF1ab:P309L(nuc:C1191T)|nuc:C1267T|nuc:C3037T|aa:ORF1ab:P1640L(nuc:C5184T)|aa:ORF1ab:A3209V(nuc:C9891T)|aa:ORF1ab:P3447H(nuc:C10605A)|aa:ORF1ab:V3718A(nuc:T11418C)|nuc:T12946C|aa:ORF1ab:P4715L(nuc:C14408T)|aa:ORF1ab:G5063S(nuc:G15451A)|aa:ORF1ab:P5401L(nuc:C16466T)|nuc:A17406G|aa:ORF1ab:P5971L(nuc:C18176T)|nuc:A18468G|nuc:A20262G|aa:S:T19R(nuc:C21618G)|aa:S:G142D(nuc:G21987A)|del:22029:6|aa:S:L452R(nuc:T22917G)|aa:S:T478K(nuc:C22995A)|aa:S:D614G(nuc:A23403G)|aa:S:P681R(nuc:C23604G)|aa:S:D950N(nuc:G24410A)|aa:ORF3a:S26L(nuc:C25469T)|aa:M:I82T(nuc:T26767C)|nuc:G26918T|aa:ORF7a:V82A(nuc:T27638C)|aa:ORF7a:L116F(nuc:C27739T)|aa:ORF7a:T120I(nuc:C27752T)|del:28248:6|del:28271:1|aa:N:D63G(nuc:A28461G)|aa:N:R203M(nuc:G28881T)|nuc:C29095T|aa:N:D377Y(nuc:G29402T)
hCoV-19/Mexico/BN-SEARCH-116166/2021,aa:ORF1ab:T403I(nuc:C1473T)|nuc:C3037T|aa:ORF1ab:G963S(nuc:G3152A)|aa:ORF1ab:A1306S(nuc:G4181T)|aa:ORF1ab:P2046L(nuc:C6402T)|aa:ORF1ab:P2287S(nuc:C7124T)|nuc:C8986T|aa:ORF1ab:V2930L(nuc:G9053T)|nuc:C9559T|aa:ORF1ab:T3255I(nuc:C10029T)|aa:ORF1ab:T3646A(nuc:A11201G)|nuc:A11332G|nuc:T12289C|aa:ORF1ab:P4715L(nuc:C14408T)|nuc:C15240T|aa:ORF1ab:G5063S(nuc:G15451A)|aa:ORF1ab:P5401L(nuc:C16466T)|aa:ORF1ab:A5620S(nuc:G17122T)|aa:ORF1ab:A6319V(nuc:C19220T)|aa:S:T19R(nuc:C21618G)|aa:S:T95I(nuc:C21846T)|aa:S:G142D(nuc:G21987A)|del:22029:6|aa:S:D405N(nuc:G22775A)|aa:S:L452R(nuc:T22917G)|aa:S:T478K(nuc:C22995A)|nuc:T23065C|aa:S:D614G(nuc:A23403G)|aa:S:P681R(nuc:C23604G)|nuc:C24130T|aa:S:D950N(nuc:G24410A)|aa:ORF3a:S26L(nuc:C25469T)|aa:M:I82T(nuc:T26767C)|aa:ORF7a:V82A(nuc:T27638C)|aa:ORF7a:T120I(nuc:C27752T)|aa:ORF7b:T40I(nuc:C27874T)|nuc:T28007C|del:28248:6|del:28271:1|aa:N:D63G(nuc:A28461G)|nuc:T28723C|aa:N:R203M(nuc:G28881T)|aa:N:G215C(nuc:G28916T)|nuc:C28957T|aa:N:D377Y(nuc:G29402T)|aa:ORF10:D31Y(nuc:G29648T)
hCoV-19/USA/AZ-SEARCH-74506/2022,nuc:C2470T|aa:ORF1ab:K856R(nuc:A2832G)|nuc:C3037T|nuc:T5386G|del:6513:3|aa:ORF1ab:A2710T(nuc:G8393A)|aa:ORF1ab:T3255I(nuc:C10029T)|aa:ORF1ab:P3395H(nuc:C10449A)|aa:ORF1ab:L3606F(nuc:G11083T)|del:11283:9|aa:ORF1ab:I3758V(nuc:A11537G)|nuc:T13195C|nuc:A13947G|aa:ORF1ab:P4715L(nuc:C14408T)|nuc:C15240T|aa:ORF1ab:I5967V(nuc:A18163G)|aa:ORF1ab:P7034L(nuc:C21365T)|aa:S:A67V(nuc:C21762T)|del:21765:6|aa:S:T95I(nuc:C21846T)|del:21987:9|del:22194:3|ins:22204:9|aa:S:G339D(nuc:G22578A)|aa:S:R346K(nuc:G22599A)|aa:S:S371L(nuc:T22673C;nuc:C22674T)|aa:S:S373P(nuc:T22679C)|aa:S:S375F(nuc:C22686T)|aa:S:N440K(nuc:T22882G)|aa:S:G446S(nuc:G22898A)|aa:S:S477N(nuc:G22992A)|aa:S:T478K(nuc:C22995A)|aa:S:E484A(nuc:A23013C)|aa:S:Q493R(nuc:A23040G)|aa:S:G496S(nuc:G23048A)|aa:S:Q498R(nuc:A23055G)|aa:S:N501Y(nuc:A23063T)|aa:S:Y505H(nuc:T23075C)|aa:S:T547K(nuc:C23202A)|aa:S:D614G(nuc:A23403G)|aa:S:H655Y(nuc:C23525T)|aa:S:N679K(nuc:T23599G)|aa:S:P681H(nuc:C23604A)|aa:S:N764K(nuc:C23854A)|aa:S:D796Y(nuc:G23948T)|aa:S:N856K(nuc:C24130A)|aa:S:Q954H(nuc:A24424T)|aa:S:N969K(nuc:T24469A)|aa:S:L981F(nuc:C24503T)|nuc:C25000T|nuc:C25584T|aa:E:T9I(nuc:C26270T)|aa:M:D3G(nuc:A26530G)|aa:M:Q19E(nuc:C26577G)|aa:M:A63T(nuc:G26709A)|nuc:A27259C|nuc:C27807T|nuc:A28271T|aa:N:P13L(nuc:C28311T)|del:28362:9|aa:N:R203K(nuc:G28881A;nuc:G28882A)|aa:N:G204R(nuc:G28883C)|aa:N:G236V(nuc:G28980T)
hCoV-19/Mexico/BCN-SEARCH-102974/2020,nuc:C3037T|aa:ORF1ab:T1004I(nuc:C3276T)|nuc:C6310T|aa:ORF1ab:P4715L(nuc:C14408T)|nuc:A20268G|aa:S:D614G(nuc:A23403G)|aa:N:S194L(nuc:C28854T)
hCoV-19/Mexico/BN-SEARCH-112897/2021,nuc:C3037T|aa:ORF1ab:A1306S(nuc:G4181T)|aa:ORF1ab:R1464W(nuc:C4655T)|nuc:C6040T|aa:ORF1ab:P2046L(nuc:C6402T)|aa:ORF1ab:H2125Y(nuc:C6638T)|aa:ORF1ab:P2287S(nuc:C7124T)|aa:ORF1ab:A2554V(nuc:C7926T)|nuc:C8986T|aa:ORF1ab:V2930L(nuc:G9053T)|aa:ORF1ab:T3255I(nuc:C10029T)|aa:ORF1ab:T3646A(nuc:A11201G)|nuc:A11332G|aa:ORF1ab:V3718I(nuc:G11417A)|nuc:C12085T|nuc:C13554T|aa:ORF1ab:F4584V(nuc:T14014G)|aa:ORF1ab:P4715L(nuc:C14408T)|nuc:C14898T|aa:ORF1ab:G5063S(nuc:G15451A)|aa:ORF1ab:P5401L(nuc:C16466T)|aa:ORF1ab:H5488Y(nuc:C16726T)|aa:ORF1ab:A6319V(nuc:C19220T)|aa:S:T19R(nuc:C21618G)|aa:S:G142D(nuc:G21987A)|del:22029:6|aa:S:L452R(nuc:T22917G)|aa:S:T478K(nuc:C22995A)|aa:S:D614G(nuc:A23403G)|nuc:A23566T|aa:S:P681R(nuc:C23604G)|aa:S:D950N(nuc:G24410A)|aa:S:R1091C(nuc:C24833T)|aa:S:K1191N(nuc:G25135T)|aa:ORF3a:S26L(nuc:C25469T)|aa:M:I82T(nuc:T26767C)|aa:ORF7a:V82A(nuc:T27638C)|aa:ORF7a:T120I(nuc:C27752T)|aa:ORF7b:T40I(nuc:C27874T)|aa:ORF8:L60F(nuc:G28073T)|del:28248:6|del:28271:1|aa:N:D63G(nuc:A28461G)|aa:N:R203M(nuc:G28881T)|aa:N:G215C(nuc:G28916T)|nuc:G29134A|aa:N:D377Y(nuc:G29402T)
hCoV-19/Mexico/BCN-SEARCH-102941/2020,aa:ORF1ab:T265I(nuc:C1059T)|nuc:C3037T|aa:ORF1ab:P4715L(nuc:C14408T)|aa:ORF1ab:D5584Y(nuc:G17014T)|aa:S:D614G(nuc:A23403G)|aa:ORF3a:Q57H(nuc:G25563T)
hCoV-19/Mexico/BN-SEARCH-116177/2021,aa:ORF1ab:T403I(nuc:C1473T)|nuc:T2047C|nuc:C3037T|aa:ORF1ab:T1004I(nuc:C3276T)|aa:ORF1ab:E1293G(nuc:A4143G)|aa:ORF1ab:A1306S(nuc:G4181T)|nuc:C4456T|aa:ORF1ab:P2046L(nuc:C6402T)|aa:ORF1ab:P2287S(nuc:C7124T)|nuc:C8986T|aa:ORF1ab:V2930L(nuc:G9053T)|nuc:C9559T|aa:ORF1ab:T3255I(nuc:C10029T)|aa:ORF1ab:T3646A(nuc:A11201G)|nuc:A11332G|nuc:G13201T|nuc:C14184T|aa:ORF1ab:P4715L(nuc:C14408T)|nuc:C15240T|aa:ORF1ab:G5063S(nuc:G15451A)|aa:ORF1ab:P5401L(nuc:C16466T)|aa:ORF1ab:A5620S(nuc:G17122T)|nuc:T17178C|nuc:C18348T|aa:ORF1ab:A6319V(nuc:C19220T)|aa:ORF1ab:V6746A(nuc:T20501C)|aa:S:T19R(nuc:C21618G)|aa:S:T95I(nuc:C21846T)|aa:S:G142D(nuc:G21987A)|del:22029:6|aa:S:D405N(nuc:G22775A)|aa:S:L452R(nuc:T22917G)|aa:S:T478K(nuc:C22995A)|aa:S:D614G(nuc:A23403G)|aa:S:P681R(nuc:C23604G)|nuc:C24130T|aa:S:D950N(nuc:G24410A)|nuc:C25006T|aa:S:A1190V(nuc:C25131T)|aa:ORF3a:S26L(nuc:C25469T)|aa:M:D3G(nuc:A26530G)|aa:M:Q19E(nuc:C26577G)|aa:M:I82T(nuc:T26767C)|nuc:T26966C|aa:ORF7a:V82A(nuc:T27638C)|aa:ORF7a:T120I(nuc:C27752T)|aa:ORF7b:T40I(nuc:C27874T)|nuc:T28007C|del:28248:6|del:28271:1|aa:N:D63G(nuc:A28461G)|aa:N:R203M(nuc:G28881T)|aa:N:G215C(nuc:G28916T)|nuc:C29272T|aa:N:D377Y(nuc:G29402T)|aa:ORF10:D31Y(nuc:G29648T)
hCoV-19/Mexico/BCN-SEARCH-102936/2020,aa:ORF1ab:L700F(nuc:C2363T)|nuc:C3037T|nuc:A11305G|aa:ORF1ab:P4715L(nuc:C14408T)|nuc:A20268G|aa:S:D614G(nuc:A23403G)|nuc:T24076C|aa:N:S194L(nuc:C28854T)
hCoV-19/Mexico/BCN-SEARCH-102946/2020,nuc:C3037T|nuc:A5053G|nuc:A11782G|aa:ORF1ab:P4715L(nuc:C14408T)|nuc:T15432C|nuc:A20268G|aa:S:D614G(nuc:A23403G)|nuc:T24076C|aa:N:S194L(nuc:C28854T)
hCoV-19/Mexico/BN-SEARCH-117016/2021,nuc:C1102T|nuc:C1441T|aa:ORF1ab:A599V(nuc:C2061T)|aa:ORF1ab:I671T(nuc:T2277C)|nuc:T2974C|nuc:C3037T|aa:ORF1ab:A1306S(nuc:G4181T)|nuc:C4321A|nuc:C5284T|aa:ORF1ab:P2046L(nuc:C6402T)|aa:ORF1ab:V2061A(nuc:T6447C)|aa:ORF1ab:P2287S(nuc:C7124T)|nuc:C8986T|aa:ORF1ab:V2930L(nuc:G9053T)|aa:ORF1ab:T3255I(nuc:C10029T)|aa:ORF1ab:T3646A(nuc:A11201G)|aa:ORF1ab:P4715L(nuc:C14408T)|nuc:C14724T|nuc:C15081A|aa:ORF1ab:G5063S(nuc:G15451A)|aa:ORF1ab:P5401L(nuc:C16466T)|aa:ORF1ab:A6319V(nuc:C19220T)|aa:ORF1ab:T6737A(nuc:A20473G)|aa:S:T19R(nuc:C21618G)|aa:S:T95I(nuc:C21846T)|aa:S:G142D(nuc:G21987A)|del:22029:6|aa:S:L452R(nuc:T22917G)|aa:S:T478K(nuc:C22995A)|aa:S:D614G(nuc:A23403G)|aa:S:P681R(nuc:C23604G)|nuc:C23758T|aa:S:D950N(nuc:G24410A)|aa:S:V1104L(nuc:G24872T)|aa:ORF3a:S26L(nuc:C25469T)|del:25475:3|aa:M:I82T(nuc:T26767C)|aa:ORF7a:S81L(nuc:C27635T)|aa:ORF7a:V82A(nuc:T27638C)|aa:ORF7a:T120I(nuc:C27752T)|aa:ORF7b:T40I(nuc:C27874T)|del:28248:6|del:28271:1|aa:N:D63G(nuc:A28461G)|aa:N:R203M(nuc:G28881T)|aa:N:G215C(nuc:G28916T)|aa:N:Q229H(nuc:G28960T)
hCoV-19/Mexico/BN-SEARCH-118486/2022,del:686:9|nuc:C2470T|aa:ORF1ab:K856R(nuc:A2832G)|nuc:C3037T|nuc:T5386G|del:6513:3|aa:ORF1ab:A2710T(nuc:G8393A)|aa:ORF1ab:T3255I(nuc:C10029T)|aa:ORF1ab:P3395H(nuc:C10449A)|del:11283:9|aa:ORF1ab:I3758V(nuc:A11537G)|nuc:T13195C|aa:ORF1ab:P4715L(nuc:C14408T)|nuc:C15240T|aa:ORF1ab:I5967V(nuc:A18163G)|nuc:C21595T|aa:S:A67V(nuc:C21762T)|del:21765:6|aa:S:T95I(nuc:C21846T)|del:21987:9|del:22194:3|ins:22204:9|nuc:C22264T|aa:S:G339D(nuc:G22578A)|aa:S:R346K(nuc:G22599A)|aa:S:S371L(nuc:T22673C;nuc:C22674T)|aa:S:S373P(nuc:T22679C)|aa:S:S375F(nuc:C22686T)|aa:S:K417N(nuc:G22813T)|aa:S:N440K(nuc:T22882G)|aa:S:G446S(nuc:G22898A)|aa:S:S477N(nuc:G22992A)|aa:S:T478K(nuc:C22995A)|aa:S:E484A(nuc:A23013C)|aa:S:Q493R(nuc:A23040G)|aa:S:G496S(nuc:G23048A)|aa:S:Q498R(nuc:A23055G)|aa:S:N501Y(nuc:A23063T)|aa:S:Y505H(nuc:T23075C)|aa:S:T547K(nuc:C23202A)|aa:S:H655Y(nuc:C23525T)|aa:S:N679K(nuc:T23599G)|aa:S:P681H(nuc:C23604A)|aa:S:N764K(nuc:C23854A)|aa:S:D796Y(nuc:G23948T)|aa:S:N856K(nuc:C24130A)|aa:S:Q954H(nuc:A24424T)|aa:S:N969K(nuc:T24469A)|aa:S:L981F(nuc:C24503T)|nuc:C25584T|aa:E:T9I(nuc:C26270T)|aa:M:D3G(nuc:A26530G)|aa:M:Q19E(nuc:C26577G)|aa:M:A63T(nuc:G26709A)|nuc:A27259C|nuc:C27807T|nuc:A28271T|aa:N:P13L(nuc:C28311T)|del:28362:9
hCoV-19/Mexico/BN-SEARCH-112791/2021,nuc:T2911G|nuc:C3037T|aa:ORF1ab:P1640L(nuc:C5184T)|nuc:A5584G|aa:ORF1ab:T2967I(nuc:C9165T)|aa:ORF1ab:A3209V(nuc:C9891T)|aa:ORF1ab:T3255I(nuc:C10029T)|nuc:C10798T|aa:ORF1ab:L3606F(nuc:G11083T)|aa:ORF1ab:V3718A(nuc:T11418C)|aa:ORF1ab:T3750I(nuc:C11514T)|nuc:C13019T|aa:ORF1ab:P4715L(nuc:C14408T)|aa:ORF1ab:G5063S(nuc:G15451A)|aa:ORF1ab:P5401L(nuc:C16466T)|nuc:C21459T|aa:S:T19R(nuc:C21618G)|aa:S:G142D(nuc:G21987A)|del:22029:6|aa:S:A222V(nuc:C22227T)|aa:S:L452R(nuc:T22917G)|aa:S:T478K(nuc:C22995A)|nuc:A23365G|aa:S:D614G(nuc:A23403G)|aa:S:P681R(nuc:C23604G)|aa:S:D950N(nuc:G24410A)|aa:S:V1264L(nuc:G25352T)|aa:ORF3a:S26L(nuc:C25469T)|aa:ORF3a:S58C(nuc:A25564T)|del:26161:12|nuc:C26256T|aa:M:I82T(nuc:T26767C)|aa:ORF6:K48N(nuc:A27345T)|aa:ORF7a:V82A(nuc:T27638C)|aa:ORF7a:T120I(nuc:C27752T)|del:28248:6|del:28271:1|aa:N:D63G(nuc:A28461G)|aa:N:R203M(nuc:G28881T)|aa:N:D377Y(nuc:G29402T)
hCoV-19/Mexico/BN-SEARCH-118376/2021,aa:ORF1ab:T403I(nuc:C1473T)|nuc:T2047C|nuc:C3037T|aa:ORF1ab:T1004I(nuc:C3276T)|aa:ORF1ab:A1306S(nuc:G4181T)|aa:ORF1ab:P2046L(nuc:C6402T)|aa:ORF1ab:P2287S(nuc:C7124T)|nuc:C8986T|aa:ORF1ab:V2930L(nuc:G9053T)|nuc:C9559T|aa:ORF1ab:T3255I(nuc:C10029T)|aa:ORF1ab:M3280I(nuc:G10105T)|aa:ORF1ab:T3646A(nuc:A11201G)|nuc:A11332G|nuc:G13201T|aa:ORF1ab:P4715L(nuc:C14408T)|nuc:C15240T|aa:ORF1ab:G5063S(nuc:G15451A)|aa:ORF1ab:P5401L(nuc:C16466T)|aa:ORF1ab:A5620S(nuc:G17122T)|nuc:C18348T|aa:ORF1ab:A6319V(nuc:C19220T)|aa:ORF1ab:V6746A(nuc:T20501C)|aa:S:T19R(nuc:C21618G)|aa:S:T95I(nuc:C21846T)|aa:S:G142D(nuc:G21987A)|del:22029:6|aa:S:L452R(nuc:T22917G)|aa:S:T478K(nuc:C22995A)|aa:S:D614G(nuc:A23403G)|aa:S:P681R(nuc:C23604G)|nuc:C24130T|aa:S:D950N(nuc:G24410A)|aa:ORF3a:S26L(nuc:C25469T)|aa:ORF3a:T271I(nuc:C26204T)|aa:M:I82T(nuc:T26767C)|aa:ORF7a:V82A(nuc:T27638C)|aa:ORF7a:T120I(nuc:C27752T)|aa:ORF7b:T40I(nuc:C27874T)|nuc:T28007C|del:28248:6|del:28271:1|aa:N:R203M(nuc:G28881T)|aa:N:G215C(nuc:G28916T)|aa:N:D377Y(nuc:G29402T)|aa:ORF10:D31Y(nuc:G29648T)
hCoV-19/Mexico/BN-SEARCH-116960/2021,aa:ORF1ab:K261N(nuc:G1048T)|nuc:C3037T|aa:ORF1ab:A964T(nuc:G3155A)|aa:ORF1ab:A1306S(nuc:G4181T)|aa:ORF1ab:A1397V(nuc:C4455T)|aa:ORF1ab:P2046L(nuc:C6402T)|aa:ORF1ab:P2287S(nuc:C7124T)|nuc:C8293T|aa:ORF1ab:F2881L(nuc:T8906C)|nuc:C8986T|aa:ORF1ab:V2930L(nuc:G9053T)|aa:ORF1ab:A2994V(nuc:C9246T)|aa:ORF1ab:T3255I(nuc:C10029T)|aa:ORF1ab:T3646A(nuc:A11201G)|aa:ORF1ab:T4249I(nuc:C13011T)|aa:ORF1ab:P4715L(nuc:C14408T)|aa:ORF1ab:G5063S(nuc:G15451A)|nuc:G16221A|nuc:C16362T|aa:ORF1ab:P5401L(nuc:C16466T)|nuc:C16830T|aa:ORF1ab:A6319V(nuc:C19220T)|aa:S:T19R(nuc:C21618G)|aa:S:G142D(nuc:G21987A)|del:22029:6|aa:S:L452R(nuc:T22917G)|aa:S:T478K(nuc:C22995A)|aa:S:D614G(nuc:A23403G)|aa:S:P681R(nuc:C23604G)|aa:S:D950N(nuc:G24410A)|aa:ORF3a:S26L(nuc:C25469T)|nuc:C26625T|aa:M:I82T(nuc:T26767C)|aa:ORF7a:P45L(nuc:C27526T;nuc:C27527T)|aa:ORF7a:V82A(nuc:T27638C)|aa:ORF7a:T120I(nuc:C27752T)|aa:ORF7b:T40I(nuc:C27874T)|del:28248:6|del:28271:1|aa:N:D63G(nuc:A28461G)|aa:N:R203M(nuc:G28881T)|aa:N:G215C(nuc:G28916T)|nuc:G29254T
hCoV-19/Mexico/BN-SEARCH-118330/2021,aa:ORF1ab:P309L(nuc:C1191T)|nuc:C1267T|aa:ORF1ab:S528P(nuc:T1847C)|aa:ORF1ab:V627I(nuc:G2144A)|nuc:C3037T|nuc:C3784T|aa:ORF1ab:P1640L(nuc:C5184T)|aa:ORF1ab:D2980N(nuc:G9203A)|aa:ORF1ab:F3138S(nuc:T9678C)|aa:ORF1ab:A3270T(nuc:G10073A)|aa:ORF1ab:A3392V(nuc:C10440T)|aa:ORF1ab:H3580Q(nuc:C11005A)|aa:ORF1ab:P4715L(nuc:C14408T)|nuc:A17496G|aa:ORF1ab:K6711R(nuc:A20396G)|aa:S:T19R(nuc:C21618G)|aa:S:K77T(nuc:A21792C)|aa:S:G142D(nuc:G21987A)|del:22029:6|aa:S:D215Y(nuc:G22205T)|aa:S:L452R(nuc:T22917G)|aa:S:T478K(nuc:C22995A)|aa:S:D614G(nuc:A23403G)|aa:S:P681R(nuc:C23604G)|nuc:C24337T|nuc:C25416T|aa:ORF3a:S26L(nuc:C25469T)|nuc:G25500A|nuc:C25584T|aa:ORF3a:L108F(nuc:C25714T)|nuc:C25854T|aa:E:F26L(nuc:C26322A)|aa:M:I82T(nuc:T26767C)|aa:ORF7a:V82A(nuc:T27638C)|aa:ORF7a:T120I(nuc:C27752T)|nuc:C28253T|del:28271:1|aa:N:R203M(nuc:G28881T)|aa:N:D377Y(nuc:G29402T)
hCoV-19/Mexico/BN-SEARCH-118339/2021,nuc:T2911G|nuc:C3037T|aa:ORF1ab:E995D(nuc:G3250T)|aa:ORF1ab:P1640L(nuc:C5184T)|nuc:A5584G|nuc:A8107G|aa:ORF1ab:A3209V(nuc:C9891T)|aa:ORF1ab:V3718A(nuc:T11418C)|aa:ORF1ab:T3750I(nuc:C11514T)|nuc:C13019T|aa:ORF1ab:P4715L(nuc:C14408T)|aa:ORF1ab:G5063S(nuc:G15451A)|aa:ORF1ab:P5401L(nuc:C16466T)|aa:S:T19R(nuc:C21618G)|aa:S:G142D(nuc:G21987A)|del:22029:6|aa:S:A222V(nuc:C22227T)|aa:S:L452R(nuc:T22917G)|aa:S:T478K(nuc:C22995A)|aa:S:D614G(nuc:A23403G)|aa:S:P681R(nuc:C23604G)|aa:S:D950N(nuc:G24410A)|aa:S:V1264L(nuc:G25352T)|aa:ORF3a:S26L(nuc:C25469T)|aa:ORF3a:S117I(nuc:G25742T)|aa:ORF3a:Q185H(nuc:G25947T)|aa:ORF3a:T268M(nuc:C26195T)|aa:M:I82T(nuc:T26767C)|aa:ORF6:K48N(nuc:A27345T)|aa:ORF7a:V82A(nuc:T27638C)|aa:ORF7a:T120I(nuc:C27752T)|del:28248:6|del:28271:1|aa:N:D63G(nuc:A28461G)|aa:N:R203M(nuc:G28881T)|aa:N:G236V(nuc:G28980T)|aa:N:D377Y(nuc:G29402T)
hCoV-19/Mexico/BN-SEARCH-116486/2021,nuc:A1879G|aa:ORF1ab:A599V(nuc:C2061T)|nuc:T2974C|nuc:C3037T|aa:ORF1ab:A1306S(nuc:G4181T)|aa:ORF1ab:P2046L(nuc:C6402T)|aa:ORF1ab:P2287S(nuc:C7124T)|nuc:C8344T|nuc:C8986T|aa:ORF1ab:V2930L(nuc:G9053T)|aa:ORF1ab:T3255I(nuc:C10029T)|aa:ORF1ab:T3646A(nuc:A11201G)|aa:ORF1ab:P4715L(nuc:C14408T)|aa:ORF1ab:G5063S(nuc:G15451A)|aa:ORF1ab:P5401L(nuc:C16466T)|nuc:G20679T|aa:S:T19R(nuc:C21618G)|aa:S:G142D(nuc:G21987A)|del:22029:6|aa:S:P174S(nuc:C22082T)|aa:S:L452R(nuc:T22917G)|aa:S:T478K(nuc:C22995A)|aa:S:D614G(nuc:A23403G)|aa:S:P681R(nuc:C23604G)|nuc:C23758T|aa:S:D950N(nuc:G24410A)|aa:S:V1104L(nuc:G24872T)|aa:S:M1237I(nuc:G25273T)|aa:ORF3a:S26L(nuc:C25469T)|aa:ORF3a:W128L(nuc:G25775T)|aa:M:I82T(nuc:T26767C)|aa:ORF7a:V82A(nuc:T27638C)|aa:ORF7a:T120I(nuc:C27752T)|aa:ORF7b:T40I(nuc:C27874T)|del:28248:6|del:28271:1|aa:N:D63G(nuc:A28461G)|aa:N:R203M(nuc:G28881T)|nuc:T28891C|aa:N:G215C(nuc:G28916T)
hCoV-19/Mexico/BCN-SEARCH-104118/2021,aa:ORF1ab:P309L(nuc:C1191T)|nuc:C1267T|nuc:C3037T|aa:ORF1ab:P1640L(nuc:C5184T)|aa:ORF1ab:A3209V(nuc:C9891T)|aa:ORF1ab:P3447H(nuc:C10605A)|aa:ORF1ab:V3718A(nuc:T11418C)|nuc:T12946C|aa:ORF1ab:P4715L(nuc:C14408T)|aa:ORF1ab:G5063S(nuc:G15451A)|aa:ORF1ab:P5401L(nuc:C16466T)|nuc:A17406G|aa:ORF1ab:P5971L(nuc:C18176T)|nuc:A18468G|nuc:A20262G|aa:S:T19R(nuc:C21618G)|aa:S:G142D(nuc:G21987A)|del:22029:6|aa:S:L452R(nuc:T22917G)|aa:S:T478K(nuc:C22995A)|aa:S:D614G(nuc:A23403G)|aa:S:P681R(nuc:C23604G)|aa:S:D950N(nuc:G24410A)|aa:ORF3a:S26L(nuc:C25469T)|aa:M:I82T(nuc:T26767C)|nuc:G26918T|aa:ORF7a:V82A(nuc:T27638C)|aa:ORF7a:L116F(nuc:C27739T)|aa:ORF7a:T120I(nuc:C27752T)|del:28248:6|del:28271:1|aa:N:D63G(nuc:A28461G)|aa:N:R203M(nuc:G28881T)|nuc:C29095T|aa:N:G321S(nuc:G29234A)|aa:N:D377Y(nuc:G29402T)
hCoV-19/Mexico/BN-SEARCH-116134/2021,nuc:C3037T|aa:ORF1ab:A1306S(nuc:G4181T)|aa:ORF1ab:Q1758H(nuc:G5539T)|aa:ORF1ab:P2046L(nuc:C6402T)|aa:ORF1ab:P2287S(nuc:C7124T)|nuc:C8986T|aa:ORF1ab:V2930L(nuc:G9053T)|aa:ORF1ab:T3255I(nuc:C10029T)|aa:ORF1ab:L3483F(nuc:C10712T)|aa:ORF1ab:T3646A(nuc:A11201G)|nuc:A11332G|aa:ORF1ab:P4715L(nuc:C14408T)|aa:ORF1ab:G5063S(nuc:G15451A)|aa:ORF1ab:L5367F(nuc:G16365T)|aa:ORF1ab:P5401L(nuc:C16466T)|aa:ORF1ab:A6319V(nuc:C19220T)|nuc:A21366G|aa:S:T19R(nuc:C21618G)|aa:S:S112L(nuc:C21897T)|aa:S:G142D(nuc:G21987A)|del:22029:6|aa:S:L452R(nuc:T22917G)|aa:S:T478K(nuc:C22995A)|aa:S:D614G(nuc:A23403G)|aa:S:P681R(nuc:C23604G)|nuc:A23983C|aa:S:D950N(nuc:G24410A)|aa:ORF3a:S26L(nuc:C25469T)|aa:ORF3a:E239Q(nuc:G26107C)|nuc:G26211T|aa:M:D3G(nuc:A26530G)|aa:M:Q19E(nuc:C26577G)|aa:M:I82T(nuc:T26767C)|nuc:A27507C|aa:ORF7a:V82A(nuc:T27638C)|aa:ORF7a:T120I(nuc:C27752T)|aa:ORF7b:T40I(nuc:C27874T)|del:28248:6|del:28271:1|aa:N:D63G(nuc:A28461G)|aa:N:R203M(nuc:G28881T)|aa:N:G215C(nuc:G28916T)|aa:N:D377Y(nuc:G29402T)
hCoV-19/Mexico/BN-SEARCH-116570/2021,nuc:G1957A|nuc:C3037T|aa:ORF1ab:A1306S(nuc:G4181T)|aa:ORF1ab:T1521I(nuc:C4827T)|aa:ORF1ab:T1840I(nuc:C5784T)|aa:ORF1ab:P2046L(nuc:C6402T)|aa:ORF1ab:P2287S(nuc:C7124T)|nuc:C8986T|aa:ORF1ab:V2930L(nuc:G9053T)|aa:ORF1ab:I3038V(nuc:A9377G)|aa:ORF1ab:T3255I(nuc:C10029T)|nuc:A10075G|aa:ORF1ab:T3646A(nuc:A11201G)|aa:ORF1ab:I3731V(nuc:A11456G)|nuc:C11747T|aa:ORF1ab:T4249I(nuc:C13011T)|aa:ORF1ab:P4715L(nuc:C14408T)|nuc:T15114C|aa:ORF1ab:G5063S(nuc:G15451A)|aa:ORF1ab:P5401L(nuc:C16466T)|nuc:A16734T|aa:ORF1ab:A6319V(nuc:C19220T)|aa:S:T19R(nuc:C21618G)|aa:S:G142D(nuc:G21987A)|del:22029:6|aa:S:L452R(nuc:T22917G)|aa:S:T478K(nuc:C22995A)|aa:S:D614G(nuc:A23403G)|aa:S:P681R(nuc:C23604G)|aa:S:D950N(nuc:G24410A)|aa:ORF3a:S26L(nuc:C25469T)|aa:M:I82T(nuc:T26767C)|aa:ORF7a:V82A(nuc:T27638C)|aa:ORF7a:T120I(nuc:C27752T)|aa:ORF7b:T40I(nuc:C27874T)|del:28248:6|del:28271:1|aa:N:D22Y(nuc:G28337T)|aa:N:D63G(nuc:A28461G)|aa:N:R203M(nuc:G28881T)|aa:N:G215C(nuc:G28916T)|nuc:G29050A|nuc:C29509T
hCoV-19/Mexico/BN-SEARCH-118322/2021,aa:ORF1ab:K322R(nuc:A1230G)|nuc:C3037T|aa:ORF1ab:P1640L(nuc:C5184T)|nuc:A5584G|nuc:G7393T|aa:ORF1ab:V3718A(nuc:T11418C)|aa:ORF1ab:T3750I(nuc:C11514T)|nuc:C13019T|aa:ORF1ab:P4715L(nuc:C14408T)|aa:ORF1ab:G5063S(nuc:G15451A)|aa:ORF1ab:P5401L(nuc:C16466T)|aa:S:T19R(nuc:C21618G)|nuc:C21622T|aa:S:G142D(nuc:G21987A)|del:22029:6|aa:S:A222V(nuc:C22227T)|nuc:T22357C|aa:S:L452R(nuc:T22917G)|aa:S:T478K(nuc:C22995A)|aa:S:D614G(nuc:A23403G)|aa:S:P681R(nuc:C23604G)|nuc:C23896T|aa:S:D950N(nuc:G24410A)|aa:ORF3a:S26L(nuc:C25469T)|aa:ORF3a:G224C(nuc:G26062T)|aa:M:I82T(nuc:T26767C)|aa:M:S197N(nuc:G27112A)|nuc:G27516A|aa:ORF7a:V82A(nuc:T27638C)|aa:ORF7a:T120I(nuc:C27752T)|del:28248:6|del:28271:1|aa:N:R203M(nuc:G28881T)|aa:N:D377Y(nuc:G29402T)
hCoV-19/Mexico/BN-SEARCH-116555/2021,nuc:C3037T|aa:ORF1ab:A1306S(nuc:G4181T)|aa:ORF1ab:L1507F(nuc:C4784T)|aa:ORF1ab:T1822I(nuc:C5730T)|aa:ORF1ab:S2024L(nuc:C6336T)|aa:ORF1ab:D2026G(nuc:A6342G)|aa:ORF1ab:P2287S(nuc:C7124T)|aa:ORF1ab:V2779S(nuc:G8600T;nuc:T8601C)|nuc:C8950T|nuc:C8986T|aa:ORF1ab:V2930L(nuc:G9053T)|nuc:C9559T|aa:ORF1ab:T3255I(nuc:C10029T)|aa:ORF1ab:T3646A(nuc:A11201G)|aa:ORF1ab:T4477I(nuc:C13694T)|aa:ORF1ab:Q4616R(nuc:A14111G)|aa:ORF1ab:P4715L(nuc:C14408T)|nuc:C15240T|aa:ORF1ab:G5063S(nuc:G15451A)|aa:ORF1ab:P5401L(nuc:C16466T)|aa:ORF1ab:A5620S(nuc:G17122T)|aa:S:T19R(nuc:C21618G)|aa:S:T95I(nuc:C21846T)|aa:S:G142D(nuc:G21987A)|del:22029:6|aa:S:L452R(nuc:T22917G)|aa:S:T478K(nuc:C22995A)|aa:S:D614G(nuc:A23403G)|aa:S:P681R(nuc:C23604G)|aa:S:A771S(nuc:G23873T)|aa:S:D950N(nuc:G24410A)|aa:ORF3a:S26L(nuc:C25469T)|aa:M:I82T(nuc:T26767C)|nuc:C27603T|aa:ORF7a:V82A(nuc:T27638C)|aa:ORF7a:T120I(nuc:C27752T)|aa:ORF7b:T40I(nuc:C27874T)|nuc:T28007C|del:28248:6|del:28271:1|aa:N:D63G(nuc:A28461G)|aa:N:R203M(nuc:G28881T)|aa:N:G215C(nuc:G28916T)
hCoV-19/Mexico/BCN-SEARCH-105372/2021,nuc:C3037T|aa:ORF1ab:T1246I(nuc:C4002T)|aa:ORF1ab:P2287S(nuc:C7124T)|nuc:C9857T|aa:ORF1ab:L3201P(nuc:T9867C)|aa:ORF1ab:T3255I(nuc:C10029T)|aa:ORF1ab:G3278S(nuc:G10097A)|del:11288:9|nuc:C11866T|nuc:C13536T|aa:ORF1ab:P4715L(nuc:C14408T)|nuc:C19164T|aa:S:G75V(nuc:G21786T)|aa:S:T76I(nuc:C21789T)|del:22299:21|aa:S:L452Q(nuc:T22917A)|aa:S:F490S(nuc:T23031C)|aa:S:D614G(nuc:A23403G)|nuc:C23731T|aa:S:T859N(nuc:C24138A)|nuc:T26879C|nuc:C26894T|nuc:C28253T|nuc:A28271T|aa:N:P13L(nuc:C28311T)|aa:N:R203K(nuc:G28881A;nuc:G28882A)|aa:N:G204R(nuc:G28883C)|aa:N:G214C(nuc:G28913T)|nuc:C29311T|aa:N:T366I(nuc:C29370T)|aa:ORF10:F9S(nuc:T29583C)
hCoV-19/Mexico/BN-SEARCH-112179/2021,nuc:C3037T|aa:ORF1ab:A1306S(nuc:G4181T)|aa:ORF1ab:P2287S(nuc:C7124T)|aa:ORF1ab:H2831Y(nuc:C8756T)|nuc:C8986T|aa:ORF1ab:V2930L(nuc:G9053T)|aa:ORF1ab:T2967I(nuc:C9165T)|aa:ORF1ab:T3255I(nuc:C10029T)|aa:ORF1ab:K3353R(nuc:A10323G)|aa:ORF1ab:T3646A(nuc:A11201G)|nuc:A11332G|nuc:A12772G|aa:ORF1ab:P4715L(nuc:C14408T)|nuc:C15240T|aa:ORF1ab:S5039I(nuc:G15380T)|aa:ORF1ab:G5063S(nuc:G15451A)|aa:ORF1ab:P5401L(nuc:C16466T)|aa:ORF1ab:A6319V(nuc:C19220T)|aa:S:T19R(nuc:C21618G)|aa:S:T95I(nuc:C21846T)|aa:S:G142D(nuc:G21987A)|del:22029:6|aa:S:L452R(nuc:T22917G)|aa:S:T478K(nuc:C22995A)|aa:S:D614G(nuc:A23403G)|aa:S:P681R(nuc:C23604G)|aa:S:D950N(nuc:G24410A)|aa:ORF3a:S26L(nuc:C25469T)|aa:M:I82T(nuc:T26767C)|aa:ORF7a:V82A(nuc:T27638C)|aa:ORF7a:T120I(nuc:C27752T)|aa:ORF7b:T40I(nuc:C27874T)|del:28248:6|del:28271:1|aa:N:D63G(nuc:A28461G)|aa:N:A155V(nuc:C28737T)|aa:N:R203M(nuc:G28881T)|aa:N:G215C(nuc:G28916T)|aa:N:D377Y(nuc:G29402T)
hCoV-19/Mexico/BN-SEARCH-112835/2021,aa:ORF1ab:G30S(nuc:G353A)|nuc:C3037T|nuc:T3070C|aa:ORF1ab:A1306S(nuc:G4181T)|aa:ORF1ab:P2046L(nuc:C6402T)|aa:ORF1ab:P2287S(nuc:C7124T)|nuc:C8986T|aa:ORF1ab:V2930L(nuc:G9053T)|nuc:C9559T|aa:ORF1ab:T3255I(nuc:C10029T)|aa:ORF1ab:V3593F(nuc:G11042T)|aa:ORF1ab:T3646A(nuc:A11201G)|nuc:A11332G|aa:ORF1ab:P4715L(nuc:C14408T)|nuc:C15240T|aa:ORF1ab:G5063S(nuc:G15451A)|aa:ORF1ab:P5401L(nuc:C16466T)|aa:ORF1ab:A5620S(nuc:G17122T)|aa:ORF1ab:A6319V(nuc:C19220T)|nuc:A21345T|aa:S:T19R(nuc:C21618G)|aa:S:T95I(nuc:C21846T)|aa:S:G142D(nuc:G21987A)|del:21991:3|del:22029:6|aa:S:L452R(nuc:T22917G)|aa:S:T478K(nuc:C22995A)|aa:S:D614G(nuc:A23403G)|aa:S:P681R(nuc:C23604G)|aa:S:D950N(nuc:G24410A)|aa:ORF3a:S26L(nuc:C25469T)|aa:M:I82T(nuc:T26767C)|aa:ORF7a:Q62*(nuc:C27577T)|aa:ORF7a:V82A(nuc:T27638C)|aa:ORF7a:T120I(nuc:C27752T)|aa:ORF7b:T40I(nuc:C27874T)|nuc:T28007C|del:28248:6|del:28271:1|aa:N:D63G(nuc:A28461G)|aa:N:R203M(nuc:G28881T)|aa:N:G215C(nuc:G28916T)|aa:N:D377Y(nuc:G29402T)
hCoV-19/Mexico/BN-SEARCH-116186/2021,nuc:C3037T|aa:ORF1ab:G1125C(nuc:G3638T)|aa:ORF1ab:A1306S(nuc:G4181T)|aa:ORF1ab:P2046L(nuc:C6402T)|aa:ORF1ab:P2287S(nuc:C7124T)|nuc:G8851T|nuc:C8986T|aa:ORF1ab:V2930L(nuc:G9053T)|aa:ORF1ab:T3255I(nuc:C10029T)|aa:ORF1ab:T3646A(nuc:A11201G)|nuc:A11332G|nuc:T12760C|aa:ORF1ab:P4715L(nuc:C14408T)|aa:ORF1ab:G5063S(nuc:G15451A)|aa:ORF1ab:P5401L(nuc:C16466T)|aa:ORF1ab:I5658V(nuc:A17236G)|nuc:T18240C|nuc:A18360G|aa:ORF1ab:A6319V(nuc:C19220T)|aa:S:T19R(nuc:C21618G)|aa:S:G142D(nuc:G21987A)|del:22029:6|aa:S:L452R(nuc:T22917G)|aa:S:T478K(nuc:C22995A)|aa:S:D614G(nuc:A23403G)|aa:S:P681R(nuc:C23604G)|nuc:C24208T|aa:S:D950N(nuc:G24410A)|aa:ORF3a:S26L(nuc:C25469T)|aa:ORF3a:P104S(nuc:C25702T)|nuc:C26313T|aa:M:I82T(nuc:T26767C)|aa:ORF7a:V82A(nuc:T27638C)|aa:ORF7a:T120I(nuc:C27752T)|aa:ORF7b:T40I(nuc:C27874T)|nuc:G28001T|del:28248:6|del:28271:1|aa:N:D63G(nuc:A28461G)|aa:N:R203M(nuc:G28881T)|aa:N:A208S(nuc:G28895T)|aa:N:G215C(nuc:G28916T)|aa:N:D377Y(nuc:G29402T)
hCoV-19/Mexico/BCN-SEARCH-102876/2020,del:518:3|nuc:C3037T|nuc:C7768T|nuc:C11575T|aa:ORF1ab:P4715L(nuc:C14408T)|nuc:A20268G|aa:S:D614G(nuc:A23403G)|aa:N:S194L(nuc:C28854T)
hCoV-19/Mexico/BCN-SEARCH-102871/2020,nuc:C3037T|nuc:G8872A|aa:ORF1ab:P4715L(nuc:C14408T)|aa:ORF1ab:R6088C(nuc:C18526T)|nuc:A20268G|aa:S:D614G(nuc:A23403G)|nuc:T24076C|nuc:C27630T|aa:ORF8:E106*(nuc:G28209T)|aa:N:S194L(nuc:C28854T)
hCoV-19/Mexico/BCN-SEARCH-102940/2020,aa:ORF1ab:L219M(nuc:C920A)|nuc:C3037T|aa:ORF1ab:A1473T(nuc:G4682A)|aa:ORF1ab:A2759T(nuc:G8540A)|aa:ORF1ab:T4617I(nuc:C14114T)|aa:ORF1ab:P4715L(nuc:C14408T)|nuc:A20268G|aa:S:D614G(nuc:A23403G)|aa:N:S194L(nuc:C28854T)
hCoV-19/Mexico/BCN-SEARCH-103000/2020,nuc:C1102T|nuc:C3037T|nuc:A11305G|aa:ORF1ab:P4715L(nuc:C14408T)|nuc:A20268G|aa:S:D614G(nuc:A23403G)|nuc:T24076C|aa:N:S194L(nuc:C28854T)
hCoV-19/USA/ATM-KKSEXV73G/2021,aa:ORF1ab:V620I(nuc:G2123A)|nuc:C3037T|aa:ORF1ab:A1306S(nuc:G4181T)|aa:ORF1ab:P1786S(nuc:C5621T)|aa:ORF1ab:P2046L(nuc:C6402T)|aa:ORF1ab:P2287S(nuc:C7124T)|aa:ORF1ab:S2500F(nuc:C7764T)|nuc:C8986T|aa:ORF1ab:V2930L(nuc:G9053T)|aa:ORF1ab:T3255I(nuc:C10029T)|nuc:T10273G|aa:ORF1ab:T3646A(nuc:A11201G)|nuc:A11332G|aa:ORF1ab:P4715L(nuc:C14408T)|aa:ORF1ab:G5063S(nuc:G15451A)|aa:ORF1ab:P5401L(nuc:C16466T)|aa:ORF1ab:A6319V(nuc:C19220T)|aa:S:T19R(nuc:C21618G)|aa:S:T95I(nuc:C21846T)|aa:S:G142D(nuc:G21987A)|del:22029:6|aa:S:L452R(nuc:T22917G)|aa:S:T478K(nuc:C22995A)|aa:S:D614G(nuc:A23403G)|aa:S:P681R(nuc:C23604G)|aa:S:D950N(nuc:G24410A)|aa:ORF3a:S26L(nuc:C25469T)|aa:ORF3a:W69C(nuc:G25599T)|aa:ORF3a:V273M(nuc:G26209A)|aa:M:I82T(nuc:T26767C)|nuc:T27576C|aa:ORF7a:V82A(nuc:T27638C)|aa:ORF7a:T120I(nuc:C27752T)|aa:ORF7b:T40I(nuc:C27874T)|del:28248:6|del:28271:1|aa:N:D63G(nuc:A28461G)|nuc:C28708T|aa:N:R203M(nuc:G28881T)|aa:N:G215C(nuc:G28916T)|aa:N:M234T(nuc:T28974C)|aa:N:D377Y(nuc:G29402T)
hCoV-19/Mexico/BN-SEARCH-112937/2021,aa:ORF1ab:R184C(nuc:C815T)|aa:ORF1ab:K701R(nuc:A2367G)|nuc:T2911G|nuc:C3037T|aa:ORF1ab:S1102G(nuc:A3569G)|aa:ORF1ab:P1640L(nuc:C5184T)|nuc:A5584G|aa:ORF1ab:H2516R(nuc:A7812G)|aa:ORF1ab:A3209V(nuc:C9891T)|aa:ORF1ab:V3718A(nuc:T11418C)|aa:ORF1ab:T3750I(nuc:C11514T)|nuc:C13019T|aa:ORF1ab:P4715L(nuc:C14408T)|aa:ORF1ab:G5063S(nuc:G15451A)|nuc:C16293T|aa:ORF1ab:P5401L(nuc:C16466T)|nuc:C19164T|aa:S:T19R(nuc:C21618G)|aa:S:G142D(nuc:G21987A)|del:22029:6|aa:S:A222V(nuc:C22227T)|aa:S:L452R(nuc:T22917G)|aa:S:T478K(nuc:C22995A)|aa:S:D614G(nuc:A23403G)|aa:S:P681R(nuc:C23604G)|aa:S:A701V(nuc:C23664T)|nuc:T23944C|nuc:C24382T|aa:S:D950N(nuc:G24410A)|aa:S:V1264L(nuc:G25352T)|aa:ORF3a:S26L(nuc:C25469T)|aa:M:I82T(nuc:T26767C)|aa:ORF6:K48N(nuc:A27345T)|aa:ORF7a:V82A(nuc:T27638C)|aa:ORF7a:T120I(nuc:C27752T)|del:28248:6|del:28271:1|nuc:C28291T|aa:N:D63G(nuc:A28461G)|nuc:C28819T|aa:N:R203M(nuc:G28881T)|nuc:C29200T|aa:N:D377Y(nuc:G29402T)
hCoV-19/Mexico/BN-SEARCH-112822/2021,nuc:G463A|nuc:C3037T|aa:ORF1ab:A1306S(nuc:G4181T)|aa:ORF1ab:P2046L(nuc:C6402T)|aa:ORF1ab:P2287S(nuc:C7124T)|nuc:C8986T|aa:ORF1ab:V2930L(nuc:G9053T)|aa:ORF1ab:T2967I(nuc:C9165T)|nuc:C9430T|aa:ORF1ab:T3255I(nuc:C10029T)|aa:ORF1ab:K3353R(nuc:A10323G)|aa:ORF1ab:T3646A(nuc:A11201G)|nuc:A11332G|nuc:A12772G|aa:ORF1ab:P4715L(nuc:C14408T)|aa:ORF1ab:A4798S(nuc:G14656T)|nuc:C15240T|aa:ORF1ab:G5063S(nuc:G15451A)|aa:ORF1ab:P5401L(nuc:C16466T)|aa:ORF1ab:A6319V(nuc:C19220T)|aa:S:T19R(nuc:C21618G)|aa:S:T95I(nuc:C21846T)|aa:S:G142D(nuc:G21987A)|del:22029:6|aa:S:L452R(nuc:T22917G)|aa:S:T478K(nuc:C22995A)|aa:S:D614G(nuc:A23403G)|aa:S:P681R(nuc:C23604G)|aa:S:D950N(nuc:G24410A)|aa:ORF3a:S26L(nuc:C25469T)|aa:M:I82T(nuc:T26767C)|aa:ORF7a:V82A(nuc:T27638C)|aa:ORF7a:T120I(nuc:C27752T)|aa:ORF7b:T40I(nuc:C27874T)|del:28248:6|del:28271:1|aa:N:D63G(nuc:A28461G)|aa:N:R203M(nuc:G28881T)|aa:N:G215C(nuc:G28916T)|aa:N:D377Y(nuc:G29402T)
hCoV-19/Mexico/BCN-SEARCH-102862/2020,nuc:C3037T|aa:ORF1ab:T4617I(nuc:C14114T)|aa:ORF1ab:P4715L(nuc:C14408T)|nuc:A20268G|aa:S:D614G(nuc:A23403G)|aa:N:S194L(nuc:C28854T)
hCoV-19/Mexico/BN-SEARCH-112830/2021,nuc:T2911G|nuc:C3037T|aa:ORF1ab:P1640L(nuc:C5184T)|nuc:A5584G|nuc:C9733T|aa:ORF1ab:A3209V(nuc:C9891T)|aa:ORF1ab:T3255I(nuc:C10029T)|nuc:C10525T|aa:ORF1ab:V3718A(nuc:T11418C)|aa:ORF1ab:T3750I(nuc:C11514T)|nuc:C13019T|aa:ORF1ab:P4715L(nuc:C14408T)|aa:ORF1ab:G5063S(nuc:G15451A)|aa:ORF1ab:P5401L(nuc:C16466T)|nuc:C18657T|nuc:C19152T|aa:S:N17D(nuc:A21611G)|aa:S:T19R(nuc:C21618G)|aa:S:G142D(nuc:G21987A)|del:22029:6|aa:S:A222V(nuc:C22227T)|aa:S:L452R(nuc:T22917G)|aa:S:T478K(nuc:C22995A)|aa:S:D614G(nuc:A23403G)|aa:S:P681R(nuc:C23604G)|aa:S:D950N(nuc:G24410A)|aa:S:N1074S(nuc:A24783G)|aa:S:V1264L(nuc:G25352T)|aa:ORF3a:S26L(nuc:C25469T)|aa:ORF3a:P178L(nuc:C25925T)|aa:ORF3a:L219F(nuc:G26049T)|aa:M:I82T(nuc:T26767C)|nuc:A26864T|aa:ORF6:K48N(nuc:A27345T)|aa:ORF7a:V82A(nuc:T27638C)|aa:ORF7a:T120I(nuc:C27752T)|del:28248:6|del:28271:1|aa:N:D63G(nuc:A28461G)|aa:N:R203M(nuc:G28881T)|aa:N:D377Y(nuc:G29402T)
hCoV-19/Mexico/BN-SEARCH-116615/2021,del:512:9|nuc:C3037T|aa:ORF1ab:A1306S(nuc:G4181T)|aa:ORF1ab:P2046L(nuc:C6402T)|aa:ORF1ab:P2287S(nuc:C7124T)|aa:ORF1ab:A2614V(nuc:C8106T)|aa:ORF1ab:V2779M(nuc:G8600A)|nuc:C8986T|aa:ORF1ab:V2930L(nuc:G9053T)|aa:ORF1ab:T3255I(nuc:C10029T)|nuc:C11173T|aa:ORF1ab:T3646A(nuc:A11201G)|aa:ORF1ab:T4161I(nuc:C12747T)|aa:ORF1ab:P4715L(nuc:C14408T)|aa:ORF1ab:G5063S(nuc:G15451A)|aa:ORF1ab:L5230I(nuc:C15952A)|nuc:G16377A|aa:ORF1ab:P5401L(nuc:C16466T)|nuc:C17502T|nuc:C18744T|aa:ORF1ab:A6319V(nuc:C19220T)|aa:ORF1ab:V6772L(nuc:G20578T)|aa:S:T19R(nuc:C21618G)|aa:S:G142D(nuc:G21987A)|del:22029:6|aa:S:L452R(nuc:T22917G)|aa:S:T478K(nuc:C22995A)|aa:S:D614G(nuc:A23403G)|aa:S:P681R(nuc:C23604G)|nuc:C24130T|aa:S:D950N(nuc:G24410A)|aa:ORF3a:S26L(nuc:C25469T)|aa:M:I82T(nuc:T26767C)|aa:ORF7a:P45S(nuc:C27526T)|aa:ORF7a:V82A(nuc:T27638C)|aa:ORF7a:T120I(nuc:C27752T)|aa:ORF7b:T40I(nuc:C27874T)|del:28248:6|del:28271:1|aa:N:Q9L(nuc:A28299T)|aa:N:D63G(nuc:A28461G)|aa:N:R203M(nuc:G28881T)|aa:N:G215C(nuc:G28916T)
hCoV-19/USA/ATM-CPRDFDY8Z/2021,nuc:C3037T|aa:ORF1ab:A1306S(nuc:G4181T)|nuc:C5239T|aa:ORF1ab:T2016I(nuc:C6312T)|aa:ORF1ab:P2046L(nuc:C6402T)|aa:ORF1ab:P2287S(nuc:C7124T)|nuc:C8986T|aa:ORF1ab:V2930L(nuc:G9053T)|aa:ORF1ab:T2967I(nuc:C9165T)|aa:ORF1ab:T3255I(nuc:C10029T)|aa:ORF1ab:K3353R(nuc:A10323G)|aa:ORF1ab:T3646A(nuc:A11201G)|nuc:A11332G|nuc:A12772G|aa:ORF1ab:P4715L(nuc:C14408T)|nuc:C14931T|nuc:C15240T|aa:ORF1ab:G5063S(nuc:G15451A)|aa:ORF1ab:P5401L(nuc:C16466T)|aa:ORF1ab:A6319V(nuc:C19220T)|aa:S:T19R(nuc:C21618G)|aa:S:T95I(nuc:C21846T)|nuc:T21889C|aa:S:G142D(nuc:G21987A)|nuc:C22009T|del:22029:6|aa:S:S254F(nuc:C22323T)|aa:S:L452R(nuc:T22917G)|aa:S:T478K(nuc:C22995A)|aa:S:D614G(nuc:A23403G)|aa:S:P681R(nuc:C23604G)|nuc:A23806G|aa:S:D950N(nuc:G24410A)|aa:S:Q954R(nuc:A24423G)|aa:S:M1229I(nuc:G25249T)|aa:ORF3a:S26L(nuc:C25469T)|aa:M:I82T(nuc:T26767C)|aa:ORF6:P57L(nuc:C27371T)|aa:ORF7a:V82A(nuc:T27638C)|aa:ORF7a:T120I(nuc:C27752T)|aa:ORF7b:T40I(nuc:C27874T)|del:28248:6|del:28271:1|aa:N:D63G(nuc:A28461G)|aa:N:R203M(nuc:G28881T)|aa:N:G215C(nuc:G28916T)|aa:N:K373N(nuc:G29392T)|aa:N:D377Y(nuc:G29402T)
hCoV-19/Mexico/BCN-SEARCH-102932/2020,nuc:C3037T|nuc:C4582T|aa:ORF1ab:M2194I(nuc:G6847A)|nuc:C7600T|nuc:A7699G|nuc:C7945T|aa:ORF1ab:A2637V(nuc:C8175T)|aa:ORF1ab:P4715L(nuc:C14408T)|nuc:A20268G|aa:S:D614G(nuc:A23403G)|aa:ORF7b:H42Y(nuc:C27879T)|aa:N:R185L(nuc:G28827T)
hCoV-19/Mexico/BN-SEARCH-118353/2021,aa:ORF1ab:T753I(nuc:C2523T)|nuc:C3037T|aa:ORF1ab:A1306S(nuc:G4181T)|nuc:A5431G|aa:ORF1ab:P2046L(nuc:C6402T)|aa:ORF1ab:P2287S(nuc:C7124T)|nuc:C8986T|aa:ORF1ab:V2930L(nuc:G9053T)|aa:ORF1ab:T3255I(nuc:C10029T)|aa:ORF1ab:T3646A(nuc:A11201G)|nuc:A11332G|aa:ORF1ab:P4715L(nuc:C14408T)|aa:ORF1ab:G5063S(nuc:G15451A)|aa:ORF1ab:P5401L(nuc:C16466T)|aa:ORF1ab:I5658V(nuc:A17236G)|nuc:G17280T|nuc:A18360G|aa:ORF1ab:A6319V(nuc:C19220T)|aa:ORF1ab:A7002S(nuc:G21268T)|aa:S:T19R(nuc:C21618G)|aa:S:G142D(nuc:G21987A)|del:22029:6|aa:S:L452R(nuc:T22917G)|aa:S:T478K(nuc:C22995A)|aa:S:D614G(nuc:A23403G)|aa:S:P681R(nuc:C23604G)|nuc:C24208T|aa:S:D950N(nuc:G24410A)|aa:ORF3a:S26L(nuc:C25469T)|aa:ORF3a:P104S(nuc:C25702T)|aa:M:I82T(nuc:T26767C)|aa:ORF7a:A55S(nuc:G27556T)|aa:ORF7a:V82A(nuc:T27638C)|aa:ORF7a:T120I(nuc:C27752T)|aa:ORF7b:T40I(nuc:C27874T)|del:28248:6|del:28271:1|aa:N:D63G(nuc:A28461G)|aa:N:R203M(nuc:G28881T)|aa:N:A208S(nuc:G28895T)|aa:N:G215C(nuc:G28916T)|aa:N:D377Y(nuc:G29402T)
hCoV-19/Mexico/BCN-SEARCH-102995/2020,nuc:C3037T|aa:ORF1ab:Q3859H(nuc:G11842T)|aa:ORF1ab:P4715L(nuc:C14408T)|nuc:A20268G|aa:S:H146Y(nuc:C21998T)|aa:S:D614G(nuc:A23403G)|aa:N:S194L(nuc:C28854T)
hCoV-19/USA/ATM-5J6YQFCGS/2021,nuc:C3037T|aa:ORF1ab:A1306S(nuc:G4181T)|aa:ORF1ab:P2046L(nuc:C6402T)|aa:ORF1ab:P2287S(nuc:C7124T)|nuc:C8986T|aa:ORF1ab:V2930L(nuc:G9053T)|aa:ORF1ab:T3255I(nuc:C10029T)|aa:ORF1ab:T3646A(nuc:A11201G)|nuc:A11332G|aa:ORF1ab:P4715L(nuc:C14408T)|aa:ORF1ab:G5063S(nuc:G15451A)|nuc:C15933T|aa:ORF1ab:P5401L(nuc:C16466T)|aa:ORF1ab:I5658V(nuc:A17236G)|aa:ORF1ab:A6319V(nuc:C19220T)|aa:ORF1ab:P7013L(nuc:C21302T)|aa:ORF1ab:R7014N(nuc:C21304A;nuc:G21305A)|aa:S:T19R(nuc:C21618G)|aa:S:G142D(nuc:G21987A)|del:22029:6|aa:S:L452R(nuc:T22917G)|aa:S:T478K(nuc:C22995A)|aa:S:D614G(nuc:A23403G)|aa:S:P681R(nuc:C23604G)|nuc:C24208T|aa:S:D950N(nuc:G24410A)|aa:ORF3a:S26L(nuc:C25469T)|aa:M:I82T(nuc:T26767C)|aa:ORF7a:V82A(nuc:T27638C)|aa:ORF7a:T120I(nuc:C27752T)|aa:ORF7b:T40I(nuc:C27874T)|del:28248:6|del:28271:1|aa:N:D63G(nuc:A28461G)|aa:N:R203M(nuc:G28881T)|aa:N:G215C(nuc:G28916T)|aa:N:D377Y(nuc:G29402T)
hCoV-19/USA/ATM-GXYJ8XZCM/2021,nuc:C3037T|aa:ORF1ab:A1306S(nuc:G4181T)|nuc:C5167T|aa:ORF1ab:P2046L(nuc:C6402T)|aa:ORF1ab:P2287S(nuc:C7124T)|nuc:C8986T|aa:ORF1ab:V2930L(nuc:G9053T)|nuc:C9763T|aa:ORF1ab:T3255I(nuc:C10029T)|aa:ORF1ab:T3646A(nuc:A11201G)|nuc:A11332G|aa:ORF1ab:I3731V(nuc:A11456G)|aa:ORF1ab:L4182F(nuc:C12809T)|aa:ORF1ab:P4715L(nuc:C14408T)|aa:ORF1ab:G5063S(nuc:G15451A)|nuc:C15720T|aa:ORF1ab:P5401L(nuc:C16466T)|nuc:T16986C|aa:ORF1ab:K6274N(nuc:G19086T)|aa:ORF1ab:A6319V(nuc:C19220T)|aa:ORF1ab:A6532V(nuc:C19859T)|aa:S:T19R(nuc:C21618G)|aa:S:G142D(nuc:G21987A)|del:22029:6|aa:S:L452R(nuc:T22917G)|aa:S:T478K(nuc:C22995A)|nuc:C23248T|aa:S:D614G(nuc:A23403G)|aa:S:P681R(nuc:C23604G)|aa:S:D950N(nuc:G24410A)|aa:S:P1263L(nuc:C25350T)|aa:ORF3a:S26L(nuc:C25469T)|aa:M:I82T(nuc:T26767C)|aa:ORF7a:V82A(nuc:T27638C)|aa:ORF7a:T120I(nuc:C27752T)|aa:ORF7b:T40I(nuc:C27874T)|del:28248:6|del:28271:1|aa:N:D63G(nuc:A28461G)|aa:N:R203M(nuc:G28881T)|aa:N:G215C(nuc:G28916T)|nuc:G29050A|aa:N:D377Y(nuc:G29402T)|nuc:C29509T
hCoV-19/Mexico/BN-SEARCH-112131/2021,nuc:T2911G|nuc:C3037T|aa:ORF1ab:P1640L(nuc:C5184T)|nuc:A5584G|nuc:T7013C|aa:ORF1ab:A3209V(nuc:C9891T)|aa:ORF1ab:T3255I(nuc:C10029T)|aa:ORF1ab:V3718A(nuc:T11418C)|aa:ORF1ab:T3750I(nuc:C11514T)|nuc:C13019T|aa:ORF1ab:P4715L(nuc:C14408T)|aa:ORF1ab:G5063S(nuc:G15451A)|aa:ORF1ab:P5401L(nuc:C16466T)|aa:S:V16A(nuc:T21609C)|aa:S:T19R(nuc:C21618G)|aa:S:G142D(nuc:G21987A)|del:22029:6|aa:S:A222V(nuc:C22227T)|aa:S:Q271E(nuc:C22373G)|aa:S:L452R(nuc:T22917G)|aa:S:T478K(nuc:C22995A)|aa:S:Q613H(nuc:G23401T)|aa:S:D614G(nuc:A23403G)|aa:S:P681R(nuc:C23604G)|aa:S:D950N(nuc:G24410A)|aa:S:N1074S(nuc:A24783G)|aa:S:V1264L(nuc:G25352T)|aa:ORF3a:S26L(nuc:C25469T)|aa:M:I82T(nuc:T26767C)|aa:ORF6:K48N(nuc:A27345T)|aa:ORF7a:T28I(nuc:C27476T)|aa:ORF7a:V82A(nuc:T27638C)|aa:ORF7a:T120I(nuc:C27752T)|del:28248:6|del:28271:1|aa:N:D63G(nuc:A28461G)|aa:N:R203M(nuc:G28881T)|aa:N:D377Y(nuc:G29402T)
hCoV-19/Mexico/BN-SEARCH-112248/2021,nuc:G688A|aa:ORF1ab:A599V(nuc:C2061T)|nuc:T2974C|nuc:C3037T|aa:ORF1ab:A1306S(nuc:G4181T)|aa:ORF1ab:P2046L(nuc:C6402T)|aa:ORF1ab:P2287S(nuc:C7124T)|nuc:C8140T|nuc:C8986T|aa:ORF1ab:V2930L(nuc:G9053T)|aa:ORF1ab:T3255I(nuc:C10029T)|aa:ORF1ab:T3646A(nuc:A11201G)|nuc:A11332G|aa:ORF1ab:P4715L(nuc:C14408T)|aa:ORF1ab:G5063S(nuc:G15451A)|aa:ORF1ab:P5401L(nuc:C16466T)|aa:ORF1ab:A6319V(nuc:C19220T)|aa:S:T19R(nuc:C21618G)|aa:S:T95I(nuc:C21846T)|aa:S:G142D(nuc:G21987A)|del:22029:6|aa:S:L452R(nuc:T22917G)|aa:S:T478K(nuc:C22995A)|aa:S:D614G(nuc:A23403G)|aa:S:P681R(nuc:C23604G)|nuc:C23758T|aa:S:D950N(nuc:G24410A)|aa:S:V1104L(nuc:G24872T)|aa:ORF3a:S26L(nuc:C25469T)|aa:M:I82T(nuc:T26767C)|aa:ORF7a:V82A(nuc:T27638C)|aa:ORF7a:T120I(nuc:C27752T)|aa:ORF7b:T40I(nuc:C27874T)|del:28248:6|del:28271:1|aa:N:D63G(nuc:A28461G)|aa:N:R203M(nuc:G28881T)|aa:N:G215C(nuc:G28916T)|aa:N:D377Y(nuc:G29402T)
hCoV-19/USA/AL-SEARCH-202312/2022,aa:ORF1ab:S135R(nuc:T670G)|del:686:9|aa:ORF1ab:T842I(nuc:C2790T)|nuc:C3037T|aa:ORF1ab:G1307S(nuc:G4184A)|nuc:C4321T|aa:ORF1ab:K2148N(nuc:A6709C)|nuc:A7558G|aa:ORF1ab:L3027F(nuc:C9344T)|nuc:A9424G|aa:ORF1ab:T3090I(nuc:C9534T)|aa:ORF1ab:T3255I(nuc:C10029T)|nuc:C10198T|nuc:G10447A|aa:ORF1ab:P3395H(nuc:C10449A)|del:11288:9|nuc:G12160A|nuc:C12880T|aa:ORF1ab:P4715L(nuc:C14408T)|nuc:C15714T|aa:ORF1ab:R5716C(nuc:C17410T)|aa:ORF1ab:I5967V(nuc:A18163G)|aa:ORF1ab:T6564I(nuc:C19955T)|nuc:A20055G|aa:S:V3G(nuc:T21570G)|aa:S:T19I(nuc:C21618T)|del:21633:9|del:21765:6|aa:S:G142D(nuc:G21987A)|aa:S:V213G(nuc:T22200G)|aa:S:G339D(nuc:G22578A)|aa:S:R346I(nuc:G22599T)|aa:S:S371F(nuc:C22674T)|aa:S:S373P(nuc:T22679C)|aa:S:S375F(nuc:C22686T)|aa:S:T376A(nuc:A22688G)|aa:S:D405N(nuc:G22775A)|aa:S:R408S(nuc:A22786C)|aa:S:K417N(nuc:G22813T)|aa:S:N440K(nuc:T22882G)|aa:S:L452R(nuc:T22917G)|aa:S:S477N(nuc:G22992A)|aa:S:T478K(nuc:C22995A)|aa:S:E484A(nuc:A23013C)|aa:S:F486V(nuc:T23018G)|aa:S:Q498R(nuc:A23055G)|aa:S:N501Y(nuc:A23063T)|aa:S:Y505H(nuc:T23075C)|aa:S:D614G(nuc:A23403G)|aa:S:H655Y(nuc:C23525T)|aa:S:N679K(nuc:T23599G)|aa:S:P681H(nuc:C23604A)|aa:S:N764K(nuc:C23854A)|aa:S:D796Y(nuc:G23948T)|nuc:C24334T|aa:S:Q954H(nuc:A24424T)|aa:S:N969K(nuc:T24469A)|nuc:C25000T|nuc:C25584T|aa:ORF3a:T223I(nuc:C26060T)|aa:E:T9I(nuc:C26270T)|aa:M:Q19E(nuc:C26577G)|aa:M:A63T(nuc:G26709A)|nuc:C26858T|nuc:A27259C|aa:ORF6:D61L(nuc:G27382C;nuc:A27383T;nuc:T27384C)|aa:ORF7b:L11F(nuc:G27788T)|nuc:C27807T|nuc:A28271T|aa:N:P13L(nuc:C28311T)|del:28362:9|aa:N:P151S(nuc:C28724T)|aa:N:R203K(nuc:G28881A;nuc:G28882A)|aa:N:G204R(nuc:G28883C)|aa:N:S413R(nuc:A29510C)
hCoV-19/Mexico/BN-SEARCH-112077/2021,nuc:T2911G|nuc:C3037T|aa:ORF1ab:G1073R(nuc:G3482A)|aa:ORF1ab:P1640L(nuc:C5184T)|nuc:A5584G|aa:ORF1ab:A3209V(nuc:C9891T)|aa:ORF1ab:T3255I(nuc:C10029T)|nuc:A10393G|aa:ORF1ab:V3718A(nuc:T11418C)|aa:ORF1ab:T3750I(nuc:C11514T)|nuc:C13019T|aa:ORF1ab:P4261S(nuc:C13046T)|aa:ORF1ab:P4715L(nuc:C14408T)|aa:ORF1ab:G5063S(nuc:G15451A)|aa:ORF1ab:P5401L(nuc:C16466T)|aa:S:T19R(nuc:C21618G)|aa:S:G142D(nuc:G21987A)|del:22029:6|aa:S:A222V(nuc:C22227T)|aa:S:L452R(nuc:T22917G)|aa:S:T478K(nuc:C22995A)|aa:S:D614G(nuc:A23403G)|aa:S:P681R(nuc:C23604G)|aa:S:D950N(nuc:G24410A)|aa:S:N1074S(nuc:A24783G)|aa:S:V1264L(nuc:G25352T)|aa:ORF3a:S26L(nuc:C25469T)|aa:E:V62F(nuc:G26428T)|aa:M:I82T(nuc:T26767C)|nuc:T26876C|aa:ORF6:K48N(nuc:A27345T)|aa:ORF7a:V82A(nuc:T27638C)|aa:ORF7a:T120I(nuc:C27752T)|del:28248:6|del:28271:1|aa:N:D63G(nuc:A28461G)|aa:N:R203M(nuc:G28881T)|aa:N:D377Y(nuc:G29402T)
hCoV-19/Mexico/BCN-SEARCH-105309/2021,nuc:T2911G|nuc:C3037T|aa:ORF1ab:E995D(nuc:G3250T)|aa:ORF1ab:P1640L(nuc:C5184T)|nuc:A5584G|aa:ORF1ab:A3209V(nuc:C9891T)|aa:ORF1ab:V3718A(nuc:T11418C)|aa:ORF1ab:T3750I(nuc:C11514T)|nuc:C13019T|aa:ORF1ab:P4715L(nuc:C14408T)|aa:ORF1ab:G5063S(nuc:G15451A)|aa:ORF1ab:P5401L(nuc:C16466T)|aa:ORF1ab:Y5577H(nuc:T16993C)|nuc:C18570T|nuc:A20268G|aa:S:T19R(nuc:C21618G)|aa:S:G142D(nuc:G21987A)|del:22029:6|aa:S:A222V(nuc:C22227T)|aa:S:L452R(nuc:T22917G)|aa:S:T478K(nuc:C22995A)|aa:S:D614G(nuc:A23403G)|aa:S:P681R(nuc:C23604G)|aa:S:D950N(nuc:G24410A)|aa:S:V1264L(nuc:G25352T)|aa:ORF3a:S26L(nuc:C25469T)|aa:M:I82T(nuc:T26767C)|aa:ORF6:K48N(nuc:A27345T)|aa:ORF7a:V82A(nuc:T27638C)|aa:ORF7a:T120I(nuc:C27752T)|del:28248:6|del:28271:1|aa:N:R41L(nuc:G28395T)|aa:N:D63G(nuc:A28461G)|aa:N:R203M(nuc:G28881T)|aa:N:D377Y(nuc:G29402T)
hCoV-19/Mexico/BN-SEARCH-116549/2021,nuc:A1588G|nuc:C3037T|aa:ORF1ab:D1228Y(nuc:G3947T)|aa:ORF1ab:A1306S(nuc:G4181T)|aa:ORF1ab:P2046L(nuc:C6402T)|nuc:T6661C|aa:ORF1ab:P2287S(nuc:C7124T)|nuc:T7939C|nuc:C8986T|aa:ORF1ab:V2930L(nuc:G9053T)|aa:ORF1ab:T3255I(nuc:C10029T)|aa:ORF1ab:T3646A(nuc:A11201G)|aa:ORF1ab:P4715L(nuc:C14408T)|aa:ORF1ab:G5063S(nuc:G15451A)|aa:ORF1ab:P5401L(nuc:C16466T)|aa:ORF1ab:I5658V(nuc:A17236G)|nuc:C17733T|aa:ORF1ab:M5983I(nuc:G18213T)|aa:ORF1ab:I6075T(nuc:T18488C)|aa:ORF1ab:V6362I(nuc:G19348A)|aa:S:T19R(nuc:C21618G)|aa:S:G142D(nuc:G21987A)|del:22029:6|aa:S:L452R(nuc:T22917G)|aa:S:T478K(nuc:C22995A)|aa:S:D614G(nuc:A23403G)|aa:S:P681R(nuc:C23604G)|nuc:C24208T|aa:S:D950N(nuc:G24410A)|aa:ORF3a:S26L(nuc:C25469T)|aa:M:I82T(nuc:T26767C)|nuc:T27291C|nuc:T27384C|aa:ORF7a:V82A(nuc:T27638C)|aa:ORF7a:T120I(nuc:C27752T)|aa:ORF7b:T40I(nuc:C27874T)|aa:ORF8:C25Y(nuc:G27967A)|del:28248:6|del:28271:1|aa:N:D63G(nuc:A28461G)|aa:N:R203M(nuc:G28881T)|aa:N:G215C(nuc:G28916T)
hCoV-19/Mexico/BCN-SEARCH-104108/2021,aa:ORF1ab:P309L(nuc:C1191T)|nuc:C1267T|nuc:C3037T|aa:ORF1ab:P1640L(nuc:C5184T)|aa:ORF1ab:A3209V(nuc:C9891T)|aa:ORF1ab:P3447H(nuc:C10605A)|aa:ORF1ab:V3718A(nuc:T11418C)|nuc:T12946C|aa:ORF1ab:P4715L(nuc:C14408T)|aa:ORF1ab:G5063S(nuc:G15451A)|aa:ORF1ab:P5401L(nuc:C16466T)|nuc:A17406G|aa:ORF1ab:P5971L(nuc:C18176T)|nuc:A18468G|nuc:A20262G|aa:S:T19R(nuc:C21618G)|aa:S:G142D(nuc:G21987A)|del:22029:6|aa:S:L452R(nuc:T22917G)|aa:S:T478K(nuc:C22995A)|aa:S:D614G(nuc:A23403G)|aa:S:P681R(nuc:C23604G)|aa:S:D950N(nuc:G24410A)|aa:ORF3a:S26L(nuc:C25469T)|aa:M:I82T(nuc:T26767C)|nuc:G26918T|aa:ORF7a:V82A(nuc:T27638C)|aa:ORF7a:L116F(nuc:C27739T)|aa:ORF7a:T120I(nuc:C27752T)|del:28248:6|del:28271:1|aa:N:D63G(nuc:A28461G)|aa:N:R203M(nuc:G28881T)|nuc:C29095T|aa:N:D377Y(nuc:G29402T)
hCoV-19/USA/ATM-XJSSGCVG2/2021,nuc:C3037T|aa:ORF1ab:A1306S(nuc:G4181T)|aa:ORF1ab:P2046L(nuc:C6402T)|aa:ORF1ab:P2287S(nuc:C7124T)|nuc:C8986T|aa:ORF1ab:V2930L(nuc:G9053T)|aa:ORF1ab:T3255I(nuc:C10029T)|aa:ORF1ab:T3646A(nuc:A11201G)|nuc:A11332G|aa:ORF1ab:P4715L(nuc:C14408T)|aa:ORF1ab:G5063S(nuc:G15451A)|aa:ORF1ab:P5401L(nuc:C16466T)|aa:ORF1ab:I5658V(nuc:A17236G)|aa:ORF1ab:A6319V(nuc:C19220T)|nuc:C20031T|aa:S:T19R(nuc:C21618G)|aa:S:G142D(nuc:G21987A)|del:22029:6|aa:S:L452R(nuc:T22917G)|aa:S:T478K(nuc:C22995A)|aa:S:D614G(nuc:A23403G)|aa:S:P681R(nuc:C23604G)|nuc:C24208T|aa:S:D950N(nuc:G24410A)|aa:ORF3a:S26L(nuc:C25469T)|aa:M:I82T(nuc:T26767C)|nuc:C27002T|aa:ORF7a:P34L(nuc:C27494T)|aa:ORF7a:V82A(nuc:T27638C)|aa:ORF7a:T120I(nuc:C27752T)|aa:ORF7b:T40I(nuc:C27874T)|del:28248:6|del:28271:1|aa:N:D63G(nuc:A28461G)|aa:N:R203M(nuc:G28881T)|aa:N:G215C(nuc:G28916T)|aa:N:D377Y(nuc:G29402T)|nuc:C29550T
hCoV-19/Mexico/BN-SEARCH-116193/2021,nuc:G2494A|nuc:A2497T|nuc:C3037T|aa:ORF1ab:A1306S(nuc:G4181T)|aa:ORF1ab:P2046L(nuc:C6402T)|aa:ORF1ab:P2287S(nuc:C7124T)|aa:ORF1ab:H2831Y(nuc:C8756T)|nuc:C8986T|aa:ORF1ab:V2930L(nuc:G9053T)|aa:ORF1ab:T2967I(nuc:C9165T)|aa:ORF1ab:F3122L(nuc:T9629C)|aa:ORF1ab:T3255I(nuc:C10029T)|aa:ORF1ab:K3353R(nuc:A10323G)|aa:ORF1ab:T3646A(nuc:A11201G)|nuc:A11332G|nuc:A12772G|aa:ORF1ab:P4715L(nuc:C14408T)|nuc:C15240T|aa:ORF1ab:G5063S(nuc:G15451A)|aa:ORF1ab:P5401L(nuc:C16466T)|aa:ORF1ab:A6319V(nuc:C19220T)|aa:ORF1ab:G6738V(nuc:G20477T)|aa:S:T19R(nuc:C21618G)|aa:S:T95I(nuc:C21846T)|aa:S:G142D(nuc:G21987A)|del:22029:6|aa:S:D405N(nuc:G22775A)|aa:S:L452R(nuc:T22917G)|aa:S:T478K(nuc:C22995A)|aa:S:D614G(nuc:A23403G)|aa:S:P681R(nuc:C23604G)|aa:S:D950N(nuc:G24410A)|aa:ORF3a:S26L(nuc:C25469T)|nuc:G25494T|aa:M:I82T(nuc:T26767C)|aa:ORF7a:V82A(nuc:T27638C)|aa:ORF7a:T120I(nuc:C27752T)|aa:ORF7b:T40I(nuc:C27874T)|del:28248:6|del:28271:1|aa:N:D63G(nuc:A28461G)|aa:N:R203M(nuc:G28881T)|aa:N:G215C(nuc:G28916T)|aa:N:D377Y(nuc:G29402T)
hCoV-19/Mexico/BN-SEARCH-112777/2021,nuc:T2911G|nuc:C3037T|aa:ORF1ab:P1640L(nuc:C5184T)|nuc:A5584G|aa:ORF1ab:I2541V(nuc:A7886G)|aa:ORF1ab:A2855T(nuc:G8828A)|aa:ORF1ab:A3209V(nuc:C9891T)|aa:ORF1ab:T3255I(nuc:C10029T)|aa:ORF1ab:A3615V(nuc:C11109T)|aa:ORF1ab:V3718A(nuc:T11418C)|aa:ORF1ab:T3750I(nuc:C11514T)|nuc:C13019T|aa:ORF1ab:P4715L(nuc:C14408T)|aa:ORF1ab:G5063S(nuc:G15451A)|aa:ORF1ab:T5161I(nuc:C15746T)|aa:ORF1ab:P5401L(nuc:C16466T)|aa:S:T19R(nuc:C21618G)|aa:S:G142D(nuc:G21987A)|del:22029:6|aa:S:A222V(nuc:C22227T)|aa:S:L452R(nuc:T22917G)|aa:S:T478K(nuc:C22995A)|aa:S:D614G(nuc:A23403G)|aa:S:P681R(nuc:C23604G)|aa:S:D950N(nuc:G24410A)|aa:S:N1074S(nuc:A24783G)|aa:S:V1264L(nuc:G25352T)|aa:ORF3a:S26L(nuc:C25469T)|aa:M:I82T(nuc:T26767C)|aa:ORF6:K48N(nuc:A27345T)|aa:ORF7a:V82A(nuc:T27638C)|aa:ORF7a:T120I(nuc:C27752T)|del:28248:6|del:28271:1|aa:N:D63G(nuc:A28461G)|aa:N:R203M(nuc:G28881T)|aa:N:S206F(nuc:C28890T)|aa:N:D377Y(nuc:G29402T)
hCoV-19/Mexico/BN-SEARCH-118315/2021,nuc:C3037T|aa:ORF1ab:A1306S(nuc:G4181T)|aa:ORF1ab:A1809V(nuc:C5691T)|aa:ORF1ab:P2046L(nuc:C6402T)|aa:ORF1ab:P2287S(nuc:C7124T)|aa:ORF1ab:H2831Y(nuc:C8756T)|nuc:C8986T|aa:ORF1ab:V2930L(nuc:G9053T)|aa:ORF1ab:T2967I(nuc:C9165T)|aa:ORF1ab:T3255I(nuc:C10029T)|aa:ORF1ab:K3353R(nuc:A10323G)|aa:ORF1ab:L3606F(nuc:G11083T)|aa:ORF1ab:T3646A(nuc:A11201G)|nuc:A11332G|nuc:A12772G|aa:ORF1ab:P4715L(nuc:C14408T)|nuc:C15240T|aa:ORF1ab:G5063S(nuc:G15451A)|aa:ORF1ab:P5401L(nuc:C16466T)|aa:ORF1ab:A6319V(nuc:C19220T)|aa:ORF1ab:R6587G(nuc:A20023G)|aa:S:T19R(nuc:C21618G)|nuc:C21742T|aa:S:T95I(nuc:C21846T)|aa:S:G142D(nuc:G21987A)|del:22029:6|aa:S:L452R(nuc:T22917G)|aa:S:T478K(nuc:C22995A)|aa:S:D614G(nuc:A23403G)|aa:S:P681R(nuc:C23604G)|aa:S:D950N(nuc:G24410A)|aa:ORF3a:S26L(nuc:C25469T)|aa:ORF3a:L86F(nuc:G25650T)|aa:M:I82T(nuc:T26767C)|aa:ORF7a:V82A(nuc:T27638C)|aa:ORF7a:T120I(nuc:C27752T)|aa:ORF7b:T40I(nuc:C27874T)|del:28248:6|del:28271:1|aa:N:R203M(nuc:G28881T)|aa:N:G215C(nuc:G28916T)|aa:N:D377Y(nuc:G29402T)
hCoV-19/USA/ATM-U4ZY6VRMM/2021,aa:ORF1ab:T403I(nuc:C1473T)|nuc:C3037T|aa:ORF1ab:P1207S(nuc:C3884T)|aa:ORF1ab:A1306S(nuc:G4181T)|nuc:G4294A|nuc:T4450C|nuc:C4582T|aa:ORF1ab:P2046L(nuc:C6402T)|aa:ORF1ab:P2287S(nuc:C7124T)|nuc:C7688T|aa:ORF1ab:D2592Y(nuc:G8039T)|nuc:C8986T|aa:ORF1ab:V2930L(nuc:G9053T)|nuc:C9559T|aa:ORF1ab:T3255I(nuc:C10029T)|aa:ORF1ab:T3646A(nuc:A11201G)|nuc:A11332G|aa:ORF1ab:P4715L(nuc:C14408T)|nuc:C15240T|aa:ORF1ab:G5063S(nuc:G15451A)|aa:ORF1ab:P5401L(nuc:C16466T)|aa:ORF1ab:A5620S(nuc:G17122T)|aa:ORF1ab:A6319V(nuc:C19220T)|nuc:C20148T|nuc:T21462C|aa:S:T19R(nuc:C21618G)|aa:S:T95I(nuc:C21846T)|del:22029:6|aa:S:M177I(nuc:G22093C)|aa:S:D178H(nuc:G22094C)|aa:S:L452R(nuc:T22917G)|aa:S:T478K(nuc:C22995A)|aa:S:D614G(nuc:A23403G)|aa:S:P681R(nuc:C23604G)|nuc:C24130T|nuc:C24919T|aa:ORF3a:S26L(nuc:C25469T)|aa:ORF3a:M125T(nuc:T25766C)|aa:M:I82T(nuc:T26767C)|aa:ORF7a:V82A(nuc:T27638C)|aa:ORF7a:T120I(nuc:C27752T)|aa:ORF7b:T40I(nuc:C27874T)|nuc:T28007C|del:28248:6|aa:ORF8:*122Q(nuc:T28257C)|del:28271:1|aa:N:D63G(nuc:A28461G)|aa:N:R203M(nuc:G28881T)|aa:N:G215C(nuc:G28916T)|aa:N:D377Y(nuc:G29402T)|aa:ORF10:D31Y(nuc:G29648T)
hCoV-19/Mexico/BN-SEARCH-118375/2021,nuc:C313T|aa:ORF1ab:T403I(nuc:C1473T)|nuc:T2047C|nuc:C3037T|aa:ORF1ab:T1004I(nuc:C3276T)|aa:ORF1ab:A1306S(nuc:G4181T)|aa:ORF1ab:P2046L(nuc:C6402T)|aa:ORF1ab:P2287S(nuc:C7124T)|nuc:C8986T|aa:ORF1ab:V2930L(nuc:G9053T)|nuc:C9559T|aa:ORF1ab:P3134S(nuc:C9665T)|aa:ORF1ab:T3255I(nuc:C10029T)|nuc:C10369T|aa:ORF1ab:T3646A(nuc:A11201G)|nuc:A11332G|nuc:G13201T|nuc:C13432T|aa:ORF1ab:P4715L(nuc:C14408T)|nuc:C15240T|aa:ORF1ab:G5063S(nuc:G15451A)|aa:ORF1ab:P5401L(nuc:C16466T)|aa:ORF1ab:A5620S(nuc:G17122T)|aa:ORF1ab:V5808I(nuc:G17686A)|nuc:C18348T|aa:ORF1ab:A6319V(nuc:C19220T)|aa:ORF1ab:V6746A(nuc:T20501C)|aa:S:T19R(nuc:C21618G)|aa:S:T95I(nuc:C21846T)|aa:S:G142D(nuc:G21987A)|del:22029:6|aa:S:L452R(nuc:T22917G)|aa:S:T478K(nuc:C22995A)|aa:S:D614G(nuc:A23403G)|aa:S:P681R(nuc:C23604G)|nuc:C24130T|aa:S:D950N(nuc:G24410A)|aa:ORF3a:S26L(nuc:C25469T)|aa:M:I82T(nuc:T26767C)|aa:ORF7a:V82A(nuc:T27638C)|aa:ORF7a:T120I(nuc:C27752T)|aa:ORF7b:T40I(nuc:C27874T)|nuc:T28007C|del:28248:6|del:28271:1|aa:N:R203M(nuc:G28881T)|aa:N:G215C(nuc:G28916T)|aa:N:D377Y(nuc:G29402T)|aa:ORF10:D31Y(nuc:G29648T)
hCoV-19/USA/ATM-XZ485WTFX/2021,nuc:T1114C|nuc:C3037T|aa:ORF1ab:A1306S(nuc:G4181T)|aa:ORF1ab:P2046L(nuc:C6402T)|aa:ORF1ab:P2195S(nuc:C6848T)|aa:ORF1ab:P2287S(nuc:C7124T)|aa:ORF1ab:H2831Y(nuc:C8756T)|nuc:C8986T|aa:ORF1ab:V2930L(nuc:G9053T)|aa:ORF1ab:T2967I(nuc:C9165T)|aa:ORF1ab:F3122L(nuc:T9629C)|aa:ORF1ab:T3255I(nuc:C10029T)|aa:ORF1ab:K3353R(nuc:A10323G)|aa:ORF1ab:T3646A(nuc:A11201G)|nuc:A11332G|nuc:A12772G|aa:ORF1ab:P4715L(nuc:C14408T)|nuc:C15240T|aa:ORF1ab:G5063S(nuc:G15451A)|aa:ORF1ab:P5401L(nuc:C16466T)|aa:ORF1ab:G5969C(nuc:G18169T)|aa:ORF1ab:A6319V(nuc:C19220T)|aa:S:T19R(nuc:C21618G)|aa:S:T95I(nuc:C21846T)|aa:S:G142D(nuc:G21987A)|del:22029:6|aa:S:L452R(nuc:T22917G)|aa:S:T478K(nuc:C22995A)|aa:S:D614G(nuc:A23403G)|aa:S:P681R(nuc:C23604G)|aa:ORF3a:S26L(nuc:C25469T)|nuc:G25494T|aa:M:I82T(nuc:T26767C)|aa:ORF7a:V82A(nuc:T27638C)|aa:ORF7a:T120I(nuc:C27752T)|aa:ORF7b:T40I(nuc:C27874T)|del:28248:6|del:28271:1|aa:N:D63G(nuc:A28461G)|aa:N:R203M(nuc:G28881T)|aa:N:G215C(nuc:G28916T)|aa:N:D377Y(nuc:G29402T)
hCoV-19/Mexico/BCN-SEARCH-105344/2021,nuc:C913T|nuc:C2110T|nuc:C3037T|aa:ORF1ab:T1001I(nuc:C3267T)|aa:ORF1ab:T1637I(nuc:C5175T)|aa:ORF1ab:A1708D(nuc:C5388A)|nuc:C5986T|aa:ORF1ab:I2230T(nuc:T6954C)|nuc:T7984C|aa:ORF1ab:V2766D(nuc:T8562A)|del:11288:9|aa:ORF1ab:P4619L(nuc:C14120T)|aa:ORF1ab:P4715L(nuc:C14408T)|nuc:C14676T|nuc:C15279T|nuc:T16176C|aa:ORF1ab:P6376S(nuc:C19390T)|nuc:T19866C|nuc:G21123T|del:21765:6|del:21991:3|aa:S:V193L(nuc:G22139T)|aa:S:N501Y(nuc:A23063T)|aa:S:A570D(nuc:C23271A)|aa:S:D614G(nuc:A23403G)|aa:S:P681H(nuc:C23604A)|aa:S:T716I(nuc:C23709T)|aa:S:S982A(nuc:T24506G)|aa:S:D1118H(nuc:G24914C)|aa:ORF8:Q27*(nuc:C27972T)|aa:ORF8:R52I(nuc:G28048T)|aa:ORF8:K68*(nuc:A28095T)|aa:ORF8:Y73C(nuc:A28111G)|del:28271:1|aa:N:D3L(nuc:G28280C;nuc:A28281T;nuc:T28282A)|aa:N:R203K(nuc:G28881A;nuc:G28882A)|aa:N:G204R(nuc:G28883C)|aa:N:S235F(nuc:C28977T)
hCoV-19/USA/ATM-MP5JG6DG3/2021,aa:ORF1ab:V337F(nuc:G1274T)|nuc:C3037T|aa:ORF1ab:A1306S(nuc:G4181T)|aa:ORF1ab:P2046L(nuc:C6402T)|aa:ORF1ab:P2287S(nuc:C7124T)|aa:ORF1ab:A2855V(nuc:C8829T)|nuc:C8986T|aa:ORF1ab:V2930L(nuc:G9053T)|aa:ORF1ab:T3255I(nuc:C10029T)|aa:ORF1ab:T3646A(nuc:A11201G)|nuc:A11332G|aa:ORF1ab:V3718F(nuc:G11417T)|nuc:A12088G|aa:ORF1ab:P4715L(nuc:C14408T)|aa:ORF1ab:G5063S(nuc:G15451A)|aa:ORF1ab:P5401L(nuc:C16466T)|nuc:C17118A|aa:ORF1ab:T5825I(nuc:C17738T)|aa:ORF1ab:A6248S(nuc:G19006T)|aa:ORF1ab:A6319V(nuc:C19220T)|nuc:A20604G|aa:S:T19R(nuc:C21618G)|aa:S:T95I(nuc:C21846T)|aa:S:G142D(nuc:G21987A)|del:22029:6|aa:S:L452R(nuc:T22917G)|aa:S:T478K(nuc:C22995A)|aa:S:D614G(nuc:A23403G)|aa:S:P681R(nuc:C23604G)|aa:S:D950N(nuc:G24410A)|aa:ORF3a:S26L(nuc:C25469T)|nuc:C26606T|aa:M:I82T(nuc:T26767C)|aa:ORF7a:V82A(nuc:T27638C)|aa:ORF7a:T120I(nuc:C27752T)|aa:ORF7b:T40I(nuc:C27874T)|del:28248:6|del:28271:1|aa:N:D63G(nuc:A28461G)|aa:N:R203M(nuc:G28881T)|aa:N:G215C(nuc:G28916T)|aa:N:D377Y(nuc:G29402T)
hCoV-19/Mexico/BN-SEARCH-118385/2021,nuc:C3037T|aa:ORF1ab:S1195R(nuc:A3848C)|aa:ORF1ab:A1306S(nuc:G4181T)|aa:ORF1ab:P2046L(nuc:C6402T)|aa:ORF1ab:P2287S(nuc:C7124T)|aa:ORF1ab:A2614V(nuc:C8106T)|nuc:C8986T|aa:ORF1ab:V2930L(nuc:G9053T)|aa:ORF1ab:H3125Y(nuc:C9638T)|aa:ORF1ab:T3255I(nuc:C10029T)|aa:ORF1ab:T3646A(nuc:A11201G)|nuc:A11332G|aa:ORF1ab:P4715L(nuc:C14408T)|aa:ORF1ab:G5063S(nuc:G15451A)|aa:ORF1ab:L5230I(nuc:C15952A)|nuc:G16377A|aa:ORF1ab:P5401L(nuc:C16466T)|aa:ORF1ab:C6141F(nuc:G18686T)|nuc:C18744T|aa:ORF1ab:A6319V(nuc:C19220T)|aa:ORF1ab:V6772L(nuc:G20578T)|aa:S:T19R(nuc:C21618G)|aa:S:G142D(nuc:G21987A)|del:22029:6|aa:S:L452R(nuc:T22917G)|aa:S:T478K(nuc:C22995A)|aa:S:D614G(nuc:A23403G)|aa:S:P681R(nuc:C23604G)|nuc:C24130T|aa:S:D950N(nuc:G24410A)|aa:ORF3a:S26L(nuc:C25469T)|aa:ORF3a:L96F(nuc:C25678T)|aa:M:I82T(nuc:T26767C)|aa:ORF7a:V82A(nuc:T27638C)|aa:ORF7a:T120I(nuc:C27752T)|aa:ORF7b:T40I(nuc:C27874T)|del:28248:6|del:28271:1|aa:N:Q9L(nuc:A28299T)|aa:N:R203M(nuc:G28881T)|aa:N:G215C(nuc:G28916T)|aa:N:D377Y(nuc:G29402T)
hCoV-19/Mexico/BCN-SEARCH-104115/2021,aa:ORF1ab:P309L(nuc:C1191T)|nuc:C1267T|nuc:C3037T|aa:ORF1ab:P1640L(nuc:C5184T)|aa:ORF1ab:A3209V(nuc:C9891T)|aa:ORF1ab:P3447H(nuc:C10605A)|aa:ORF1ab:V3718A(nuc:T11418C)|nuc:T12946C|aa:ORF1ab:P4715L(nuc:C14408T)|aa:ORF1ab:G5063S(nuc:G15451A)|aa:ORF1ab:P5401L(nuc:C16466T)|nuc:A17406G|aa:ORF1ab:P5971L(nuc:C18176T)|nuc:A18468G|nuc:A20262G|aa:S:T19R(nuc:C21618G)|aa:S:G142D(nuc:G21987A)|del:22029:6|aa:S:L452R(nuc:T22917G)|aa:S:T478K(nuc:C22995A)|aa:S:D614G(nuc:A23403G)|aa:S:P681R(nuc:C23604G)|aa:S:D950N(nuc:G24410A)|aa:ORF3a:S26L(nuc:C25469T)|aa:M:I82T(nuc:T26767C)|nuc:G26918T|aa:ORF7a:V82A(nuc:T27638C)|aa:ORF7a:L116F(nuc:C27739T)|aa:ORF7a:T120I(nuc:C27752T)|del:28248:6|del:28271:1|aa:N:D63G(nuc:A28461G)|aa:N:R203M(nuc:G28881T)|nuc:C29095T|nuc:C29284T|aa:N:D377Y(nuc:G29402T)
hCoV-19/Mexico/BN-SEARCH-118450/2021,aa:ORF1ab:T403I(nuc:C1473T)|aa:ORF1ab:G519S(nuc:G1820A)|nuc:T2047C|nuc:C3037T|aa:ORF1ab:T1004I(nuc:C3276T)|aa:ORF1ab:A1306S(nuc:G4181T)|aa:ORF1ab:P2046L(nuc:C6402T)|aa:ORF1ab:P2287S(nuc:C7124T)|aa:ORF1ab:A2575V(nuc:C7989T)|nuc:C8986T|aa:ORF1ab:V2930L(nuc:G9053T)|nuc:C9559T|aa:ORF1ab:T3255I(nuc:C10029T)|aa:ORF1ab:T3646A(nuc:A11201G)|nuc:A11332G|nuc:G13201T|aa:ORF1ab:P4715L(nuc:C14408T)|nuc:C15240T|aa:ORF1ab:G5063S(nuc:G15451A)|aa:ORF1ab:P5401L(nuc:C16466T)|aa:ORF1ab:A5620S(nuc:G17122T)|nuc:C18348T|aa:ORF1ab:A6319V(nuc:C19220T)|aa:ORF1ab:V6746A(nuc:T20501C)|aa:S:T19R(nuc:C21618G)|aa:S:T95I(nuc:C21846T)|aa:S:G142D(nuc:G21987A)|del:22029:6|aa:S:P174S(nuc:C22082T)|aa:S:L452R(nuc:T22917G)|aa:S:T478K(nuc:C22995A)|aa:S:E583D(nuc:G23311C)|aa:S:P681R(nuc:C23604G)|nuc:C24130T|aa:S:D950N(nuc:G24410A)|aa:ORF3a:S26L(nuc:C25469T)|aa:M:I82T(nuc:T26767C)|aa:ORF7a:V82A(nuc:T27638C)|aa:ORF7a:T120I(nuc:C27752T)|aa:ORF7b:T40I(nuc:C27874T)|nuc:T28007C|del:28248:6|del:28271:1|aa:N:D63G(nuc:A28461G)|aa:N:H145Y(nuc:C28706T)|aa:N:R203M(nuc:G28881T)|aa:N:G215C(nuc:G28916T)|aa:N:D377Y(nuc:G29402T)|aa:ORF10:D31Y(nuc:G29648T)
hCoV-19/USA/ATM-J7XSF7ZKY/2021,nuc:C3037T|aa:ORF1ab:L1182F(nuc:C3809T)|aa:ORF1ab:A1306S(nuc:G4181T)|aa:ORF1ab:P2046L(nuc:C6402T)|aa:ORF1ab:P2287S(nuc:C7124T)|nuc:C8290T|nuc:C8986T|aa:ORF1ab:V2930L(nuc:G9053T)|aa:ORF1ab:I3108V(nuc:A9587G)|aa:ORF1ab:T3255I(nuc:C10029T)|aa:ORF1ab:T3646A(nuc:A11201G)|nuc:A11332G|nuc:C14184T|aa:ORF1ab:P4715L(nuc:C14408T)|aa:ORF1ab:G5063S(nuc:G15451A)|aa:ORF1ab:P5401L(nuc:C16466T)|aa:ORF1ab:A6319V(nuc:C19220T)|aa:S:T19R(nuc:C21618G)|aa:S:S112L(nuc:C21897T)|aa:S:G142D(nuc:G21987A)|del:22029:6|aa:S:L452R(nuc:T22917G)|aa:S:T478K(nuc:C22995A)|aa:S:D614G(nuc:A23403G)|aa:S:P681R(nuc:C23604G)|aa:ORF3a:S26L(nuc:C25469T)|aa:ORF3a:E239Q(nuc:G26107C)|aa:M:I82T(nuc:T26767C)|nuc:A26855G|nuc:A27507C|aa:ORF7a:V82A(nuc:T27638C)|aa:ORF7a:T120I(nuc:C27752T)|aa:ORF7b:T40I(nuc:C27874T)|del:28248:6|del:28271:1|aa:N:D63G(nuc:A28461G)|aa:N:A152S(nuc:G28727T)|nuc:C28744T|aa:N:R203M(nuc:G28881T)|aa:N:G215C(nuc:G28916T)|aa:N:D377Y(nuc:G29402T)
